SET session_replication_role = replica;

--
-- PostgreSQL database dump
--

-- \restrict IYusxlE1Ezt5eIL5h9HbCnj0ckszNAau1Pyra8qgbNRYY4CJOmjmaJIKUlZTsPP

-- Dumped from database version 17.6
-- Dumped by pg_dump version 17.6

SET statement_timeout = 0;
SET lock_timeout = 0;
SET idle_in_transaction_session_timeout = 0;
SET transaction_timeout = 0;
SET client_encoding = 'UTF8';
SET standard_conforming_strings = on;
SELECT pg_catalog.set_config('search_path', '', false);
SET check_function_bodies = false;
SET xmloption = content;
SET client_min_messages = warning;
SET row_security = off;

--
-- Data for Name: audit_log_entries; Type: TABLE DATA; Schema: auth; Owner: supabase_auth_admin
--

INSERT INTO "auth"."audit_log_entries" ("instance_id", "id", "payload", "created_at", "ip_address") VALUES
	('00000000-0000-0000-0000-000000000000', '116dc6c8-a7ac-4dbd-8f3a-5954c16ec748', '{"action":"user_recovery_requested","actor_id":"f43c1041-48db-4c6e-b1e1-0edceb458328","actor_username":"test1@gmail.com","actor_via_sso":false,"log_type":"user"}', '2026-03-23 15:18:56.524132+00', ''),
	('00000000-0000-0000-0000-000000000000', 'eab7f3c6-68c0-46a7-861b-5998a1c02631', '{"action":"user_deleted","actor_id":"00000000-0000-0000-0000-000000000000","actor_username":"service_role","actor_via_sso":false,"log_type":"team","traits":{"user_email":"nonteaching1@gmail.com","user_id":"af248ab4-2326-47b4-80df-a99500a3bb2c","user_phone":""}}', '2026-03-23 15:19:50.609842+00', ''),
	('00000000-0000-0000-0000-000000000000', 'c7c74329-75a4-46f0-8568-130a32127870', '{"action":"user_deleted","actor_id":"00000000-0000-0000-0000-000000000000","actor_username":"service_role","actor_via_sso":false,"log_type":"team","traits":{"user_email":"marco@gmail.com","user_id":"762e5b8a-0bcf-4f2f-8e54-c98422a12875","user_phone":""}}', '2026-03-23 15:19:50.628495+00', ''),
	('00000000-0000-0000-0000-000000000000', 'e0f3aa0c-ad9a-4f79-8d0b-34899e7b4aae', '{"action":"user_deleted","actor_id":"00000000-0000-0000-0000-000000000000","actor_username":"service_role","actor_via_sso":false,"log_type":"team","traits":{"user_email":"admin@example.com","user_id":"d0ed4da3-2fc7-444f-bc85-2bb3c833e82c","user_phone":""}}', '2026-03-23 15:19:50.635528+00', ''),
	('00000000-0000-0000-0000-000000000000', 'db9c9ce4-8b48-4bb3-ae66-b6f0ba2c7c34', '{"action":"login","actor_id":"8698372c-ab70-44e3-8658-9ace4293aa83","actor_username":"test3@gmail.com","actor_via_sso":false,"log_type":"account","traits":{"provider":"email"}}', '2026-03-23 16:41:13.067191+00', ''),
	('00000000-0000-0000-0000-000000000000', '3f6db0b1-e07f-40a2-a446-06b36a0ab234', '{"action":"login","actor_id":"8698372c-ab70-44e3-8658-9ace4293aa83","actor_username":"test3@gmail.com","actor_via_sso":false,"log_type":"account","traits":{"provider":"email"}}', '2026-03-23 16:41:31.263713+00', ''),
	('00000000-0000-0000-0000-000000000000', '2b5b510d-54c4-4e50-a285-d33e7ff77373', '{"action":"token_refreshed","actor_id":"8698372c-ab70-44e3-8658-9ace4293aa83","actor_username":"test3@gmail.com","actor_via_sso":false,"log_type":"token"}', '2026-03-23 17:40:28.659026+00', ''),
	('00000000-0000-0000-0000-000000000000', '3b6e82ce-de18-424a-9c44-37941c683460', '{"action":"token_revoked","actor_id":"8698372c-ab70-44e3-8658-9ace4293aa83","actor_username":"test3@gmail.com","actor_via_sso":false,"log_type":"token"}', '2026-03-23 17:40:28.660626+00', ''),
	('00000000-0000-0000-0000-000000000000', '3f48cb4f-9352-418b-8db9-e171dc771179', '{"action":"token_refreshed","actor_id":"8698372c-ab70-44e3-8658-9ace4293aa83","actor_username":"test3@gmail.com","actor_via_sso":false,"log_type":"token"}', '2026-03-23 18:42:14.471042+00', ''),
	('00000000-0000-0000-0000-000000000000', '0e980216-dbd0-4186-98ea-73c7914d0381', '{"action":"token_revoked","actor_id":"8698372c-ab70-44e3-8658-9ace4293aa83","actor_username":"test3@gmail.com","actor_via_sso":false,"log_type":"token"}', '2026-03-23 18:42:14.472353+00', ''),
	('00000000-0000-0000-0000-000000000000', 'af20f4b9-af04-4e31-8a31-7f0ee5e19dc5', '{"action":"token_refreshed","actor_id":"8698372c-ab70-44e3-8658-9ace4293aa83","actor_username":"test3@gmail.com","actor_via_sso":false,"log_type":"token"}', '2026-03-24 07:57:29.31918+00', ''),
	('00000000-0000-0000-0000-000000000000', 'a7bbed4f-5ec5-46a8-ba82-110903d45a7d', '{"action":"token_revoked","actor_id":"8698372c-ab70-44e3-8658-9ace4293aa83","actor_username":"test3@gmail.com","actor_via_sso":false,"log_type":"token"}', '2026-03-24 07:57:29.322507+00', ''),
	('00000000-0000-0000-0000-000000000000', '00a501f6-f0b0-46c0-a5f4-2e4784265414', '{"action":"token_refreshed","actor_id":"8698372c-ab70-44e3-8658-9ace4293aa83","actor_username":"test3@gmail.com","actor_via_sso":false,"log_type":"token"}', '2026-03-24 15:40:10.588292+00', ''),
	('00000000-0000-0000-0000-000000000000', '25a0e559-ea61-4dee-bf36-641434e77023', '{"action":"token_revoked","actor_id":"8698372c-ab70-44e3-8658-9ace4293aa83","actor_username":"test3@gmail.com","actor_via_sso":false,"log_type":"token"}', '2026-03-24 15:40:10.590546+00', ''),
	('00000000-0000-0000-0000-000000000000', 'a8333eb7-272e-4cc2-b7f0-10e8d174916e', '{"action":"token_refreshed","actor_id":"8698372c-ab70-44e3-8658-9ace4293aa83","actor_username":"test3@gmail.com","actor_via_sso":false,"log_type":"token"}', '2026-03-25 04:40:10.544816+00', ''),
	('00000000-0000-0000-0000-000000000000', 'a03d72c0-1c46-4ba9-b021-59afaa54b6a9', '{"action":"token_revoked","actor_id":"8698372c-ab70-44e3-8658-9ace4293aa83","actor_username":"test3@gmail.com","actor_via_sso":false,"log_type":"token"}', '2026-03-25 04:40:10.54622+00', ''),
	('00000000-0000-0000-0000-000000000000', '691610ed-280e-4c56-8842-8656968b4c53', '{"action":"token_refreshed","actor_id":"8698372c-ab70-44e3-8658-9ace4293aa83","actor_username":"test3@gmail.com","actor_via_sso":false,"log_type":"token"}', '2026-03-26 02:04:17.612504+00', ''),
	('00000000-0000-0000-0000-000000000000', '882b3e2b-3770-4014-8339-a72969328b91', '{"action":"token_revoked","actor_id":"8698372c-ab70-44e3-8658-9ace4293aa83","actor_username":"test3@gmail.com","actor_via_sso":false,"log_type":"token"}', '2026-03-26 02:04:17.614046+00', ''),
	('00000000-0000-0000-0000-000000000000', '14dc2722-5fa2-445f-b202-b76cad8068df', '{"action":"token_refreshed","actor_id":"8698372c-ab70-44e3-8658-9ace4293aa83","actor_username":"test3@gmail.com","actor_via_sso":false,"log_type":"token"}', '2026-03-26 03:07:54.03267+00', ''),
	('00000000-0000-0000-0000-000000000000', '25f78ba6-5f89-495e-830f-f137c45520b3', '{"action":"token_revoked","actor_id":"8698372c-ab70-44e3-8658-9ace4293aa83","actor_username":"test3@gmail.com","actor_via_sso":false,"log_type":"token"}', '2026-03-26 03:07:54.033761+00', ''),
	('00000000-0000-0000-0000-000000000000', 'aad648bc-9c5f-486b-99f9-5df2cb3a2e72', '{"action":"token_refreshed","actor_id":"8698372c-ab70-44e3-8658-9ace4293aa83","actor_username":"test3@gmail.com","actor_via_sso":false,"log_type":"token"}', '2026-03-26 03:07:55.394185+00', ''),
	('00000000-0000-0000-0000-000000000000', '1cb4ce72-c3e3-4ab5-85be-c78db66d492c', '{"action":"token_refreshed","actor_id":"8698372c-ab70-44e3-8658-9ace4293aa83","actor_username":"test3@gmail.com","actor_via_sso":false,"log_type":"token"}', '2026-03-26 06:51:41.583715+00', ''),
	('00000000-0000-0000-0000-000000000000', '6c13863c-333a-4991-bc70-4cd3e4084fb3', '{"action":"token_revoked","actor_id":"8698372c-ab70-44e3-8658-9ace4293aa83","actor_username":"test3@gmail.com","actor_via_sso":false,"log_type":"token"}', '2026-03-26 06:51:41.586849+00', ''),
	('00000000-0000-0000-0000-000000000000', 'ef26eeee-ccae-4d6f-a139-f5db99c1cfcf', '{"action":"token_refreshed","actor_id":"8698372c-ab70-44e3-8658-9ace4293aa83","actor_username":"test3@gmail.com","actor_via_sso":false,"log_type":"token"}', '2026-03-26 09:44:20.584864+00', ''),
	('00000000-0000-0000-0000-000000000000', 'abeead61-e70b-4fd4-ad86-fae6df08f4d6', '{"action":"token_revoked","actor_id":"8698372c-ab70-44e3-8658-9ace4293aa83","actor_username":"test3@gmail.com","actor_via_sso":false,"log_type":"token"}', '2026-03-26 09:44:20.586354+00', ''),
	('00000000-0000-0000-0000-000000000000', '73419ab9-22a2-434e-acf8-930c810d27ef', '{"action":"login","actor_id":"8698372c-ab70-44e3-8658-9ace4293aa83","actor_username":"test3@gmail.com","actor_via_sso":false,"log_type":"account","traits":{"provider":"email"}}', '2026-03-26 09:44:29.787197+00', ''),
	('00000000-0000-0000-0000-000000000000', '1c956536-fa34-45cd-88e7-233df609adc0', '{"action":"token_refreshed","actor_id":"8698372c-ab70-44e3-8658-9ace4293aa83","actor_username":"test3@gmail.com","actor_via_sso":false,"log_type":"token"}', '2026-03-26 17:05:57.383266+00', ''),
	('00000000-0000-0000-0000-000000000000', '5f85c922-c8c7-490f-ae9e-3b712c75100d', '{"action":"token_revoked","actor_id":"8698372c-ab70-44e3-8658-9ace4293aa83","actor_username":"test3@gmail.com","actor_via_sso":false,"log_type":"token"}', '2026-03-26 17:05:57.3875+00', ''),
	('00000000-0000-0000-0000-000000000000', '0158c528-265d-4db0-9ebd-8e5d9db8578f', '{"action":"token_refreshed","actor_id":"8698372c-ab70-44e3-8658-9ace4293aa83","actor_username":"test3@gmail.com","actor_via_sso":false,"log_type":"token"}', '2026-03-28 08:18:33.212319+00', ''),
	('00000000-0000-0000-0000-000000000000', '665b9e6f-1692-4558-9b90-31150e47baa6', '{"action":"token_revoked","actor_id":"8698372c-ab70-44e3-8658-9ace4293aa83","actor_username":"test3@gmail.com","actor_via_sso":false,"log_type":"token"}', '2026-03-28 08:18:33.214707+00', ''),
	('00000000-0000-0000-0000-000000000000', 'ba7bfa78-a6ca-40f9-8ed7-12263bfe3a64', '{"action":"token_refreshed","actor_id":"8698372c-ab70-44e3-8658-9ace4293aa83","actor_username":"test3@gmail.com","actor_via_sso":false,"log_type":"token"}', '2026-03-28 15:57:19.114387+00', ''),
	('00000000-0000-0000-0000-000000000000', 'af422bdc-93b6-482c-a0bc-a50ea69a04f3', '{"action":"token_revoked","actor_id":"8698372c-ab70-44e3-8658-9ace4293aa83","actor_username":"test3@gmail.com","actor_via_sso":false,"log_type":"token"}', '2026-03-28 15:57:19.116265+00', ''),
	('00000000-0000-0000-0000-000000000000', '7b25b20c-2910-4214-ac99-368294109063', '{"action":"token_refreshed","actor_id":"8698372c-ab70-44e3-8658-9ace4293aa83","actor_username":"test3@gmail.com","actor_via_sso":false,"log_type":"token"}', '2026-03-28 16:59:34.87189+00', ''),
	('00000000-0000-0000-0000-000000000000', '1cc0e89a-34c3-4787-8280-ee4c003c0f82', '{"action":"token_revoked","actor_id":"8698372c-ab70-44e3-8658-9ace4293aa83","actor_username":"test3@gmail.com","actor_via_sso":false,"log_type":"token"}', '2026-03-28 16:59:34.873755+00', ''),
	('00000000-0000-0000-0000-000000000000', '27d36a40-db06-4861-be45-3169f05ed481', '{"action":"token_refreshed","actor_id":"8698372c-ab70-44e3-8658-9ace4293aa83","actor_username":"test3@gmail.com","actor_via_sso":false,"log_type":"token"}', '2026-03-28 17:57:35.662544+00', ''),
	('00000000-0000-0000-0000-000000000000', '932c5c3c-9268-4e2a-a585-f2654c0421df', '{"action":"token_revoked","actor_id":"8698372c-ab70-44e3-8658-9ace4293aa83","actor_username":"test3@gmail.com","actor_via_sso":false,"log_type":"token"}', '2026-03-28 17:57:35.663522+00', ''),
	('00000000-0000-0000-0000-000000000000', '5eb8ecd6-686b-4cb0-b374-30e0b08d4793', '{"action":"token_refreshed","actor_id":"8698372c-ab70-44e3-8658-9ace4293aa83","actor_username":"test3@gmail.com","actor_via_sso":false,"log_type":"token"}', '2026-03-28 18:55:50.018474+00', ''),
	('00000000-0000-0000-0000-000000000000', '2d939a59-677c-4f7e-99ba-46b7f775ff5b', '{"action":"token_revoked","actor_id":"8698372c-ab70-44e3-8658-9ace4293aa83","actor_username":"test3@gmail.com","actor_via_sso":false,"log_type":"token"}', '2026-03-28 18:55:50.019272+00', ''),
	('00000000-0000-0000-0000-000000000000', '2dbfe626-6e18-4021-9e5e-64cae17f8d03', '{"action":"token_refreshed","actor_id":"8698372c-ab70-44e3-8658-9ace4293aa83","actor_username":"test3@gmail.com","actor_via_sso":false,"log_type":"token"}', '2026-03-28 19:54:13.004073+00', ''),
	('00000000-0000-0000-0000-000000000000', '4814ea85-5936-4756-929e-96f3003661ba', '{"action":"token_revoked","actor_id":"8698372c-ab70-44e3-8658-9ace4293aa83","actor_username":"test3@gmail.com","actor_via_sso":false,"log_type":"token"}', '2026-03-28 19:54:13.006756+00', ''),
	('00000000-0000-0000-0000-000000000000', '45433620-40ee-45fe-bef7-acf413b9bde3', '{"action":"token_refreshed","actor_id":"8698372c-ab70-44e3-8658-9ace4293aa83","actor_username":"test3@gmail.com","actor_via_sso":false,"log_type":"token"}', '2026-03-29 00:58:57.409972+00', ''),
	('00000000-0000-0000-0000-000000000000', '66e52305-c283-4a06-ba2f-6e0ab3609ebf', '{"action":"token_revoked","actor_id":"8698372c-ab70-44e3-8658-9ace4293aa83","actor_username":"test3@gmail.com","actor_via_sso":false,"log_type":"token"}', '2026-03-29 00:58:57.412322+00', ''),
	('00000000-0000-0000-0000-000000000000', 'fa1e29c1-afbf-445c-854c-c2f14efbd8fd', '{"action":"token_refreshed","actor_id":"8698372c-ab70-44e3-8658-9ace4293aa83","actor_username":"test3@gmail.com","actor_via_sso":false,"log_type":"token"}', '2026-03-29 01:57:08.278958+00', ''),
	('00000000-0000-0000-0000-000000000000', '9d759409-9d49-472b-b30a-82d6b0e0a88e', '{"action":"token_revoked","actor_id":"8698372c-ab70-44e3-8658-9ace4293aa83","actor_username":"test3@gmail.com","actor_via_sso":false,"log_type":"token"}', '2026-03-29 01:57:08.28178+00', ''),
	('00000000-0000-0000-0000-000000000000', 'f1e7eb41-d17d-41e6-a03c-6ab0b04adc7f', '{"action":"token_refreshed","actor_id":"8698372c-ab70-44e3-8658-9ace4293aa83","actor_username":"test3@gmail.com","actor_via_sso":false,"log_type":"token"}', '2026-03-29 02:55:08.351291+00', ''),
	('00000000-0000-0000-0000-000000000000', '74023c86-dbc8-45a7-83c4-e15270923732', '{"action":"token_revoked","actor_id":"8698372c-ab70-44e3-8658-9ace4293aa83","actor_username":"test3@gmail.com","actor_via_sso":false,"log_type":"token"}', '2026-03-29 02:55:08.352163+00', ''),
	('00000000-0000-0000-0000-000000000000', 'd6c81347-c8b7-4ff7-bfbc-b334b0dd7375', '{"action":"token_refreshed","actor_id":"8698372c-ab70-44e3-8658-9ace4293aa83","actor_username":"test3@gmail.com","actor_via_sso":false,"log_type":"token"}', '2026-03-29 07:22:13.164014+00', ''),
	('00000000-0000-0000-0000-000000000000', '6740a8f9-303e-423d-9c93-3717522469b4', '{"action":"token_revoked","actor_id":"8698372c-ab70-44e3-8658-9ace4293aa83","actor_username":"test3@gmail.com","actor_via_sso":false,"log_type":"token"}', '2026-03-29 07:22:13.164995+00', ''),
	('00000000-0000-0000-0000-000000000000', 'ec3112ad-9b1b-4389-ac8e-bbed0a1c7b68', '{"action":"login","actor_id":"8698372c-ab70-44e3-8658-9ace4293aa83","actor_username":"test3@gmail.com","actor_via_sso":false,"log_type":"account","traits":{"provider":"email"}}', '2026-03-29 08:11:36.819365+00', ''),
	('00000000-0000-0000-0000-000000000000', '397755ad-00dc-4ad4-a6e8-14282528244a', '{"action":"login","actor_id":"8698372c-ab70-44e3-8658-9ace4293aa83","actor_username":"test3@gmail.com","actor_via_sso":false,"log_type":"account","traits":{"provider":"email"}}', '2026-03-29 08:21:18.29343+00', ''),
	('00000000-0000-0000-0000-000000000000', 'a7dca878-a6ee-4b74-a645-8fa220e444a1', '{"action":"login","actor_id":"8698372c-ab70-44e3-8658-9ace4293aa83","actor_username":"test3@gmail.com","actor_via_sso":false,"log_type":"account","traits":{"provider":"email"}}', '2026-03-29 08:21:20.52523+00', ''),
	('00000000-0000-0000-0000-000000000000', '2505a5b0-6994-45e6-8d68-5543381b88c7', '{"action":"login","actor_id":"8698372c-ab70-44e3-8658-9ace4293aa83","actor_username":"test3@gmail.com","actor_via_sso":false,"log_type":"account","traits":{"provider":"email"}}', '2026-03-29 08:21:43.368659+00', ''),
	('00000000-0000-0000-0000-000000000000', '2b8d1898-774c-4c95-beb3-0e0397c96657', '{"action":"token_refreshed","actor_id":"8698372c-ab70-44e3-8658-9ace4293aa83","actor_username":"test3@gmail.com","actor_via_sso":false,"log_type":"token"}', '2026-03-29 10:47:14.953684+00', ''),
	('00000000-0000-0000-0000-000000000000', 'eefff94e-7728-4459-ace6-62cbaccb12b9', '{"action":"token_revoked","actor_id":"8698372c-ab70-44e3-8658-9ace4293aa83","actor_username":"test3@gmail.com","actor_via_sso":false,"log_type":"token"}', '2026-03-29 10:47:14.955228+00', ''),
	('00000000-0000-0000-0000-000000000000', 'cd1dba3e-8a30-4937-9f6b-9e95b337d8d6', '{"action":"token_refreshed","actor_id":"8698372c-ab70-44e3-8658-9ace4293aa83","actor_username":"test3@gmail.com","actor_via_sso":false,"log_type":"token"}', '2026-03-29 12:24:26.817279+00', ''),
	('00000000-0000-0000-0000-000000000000', 'abc2477f-dade-46c5-ad4e-85e3241ad8b0', '{"action":"token_revoked","actor_id":"8698372c-ab70-44e3-8658-9ace4293aa83","actor_username":"test3@gmail.com","actor_via_sso":false,"log_type":"token"}', '2026-03-29 12:24:26.819349+00', ''),
	('00000000-0000-0000-0000-000000000000', '4370385d-5acd-4975-a4be-f385992adcd5', '{"action":"token_refreshed","actor_id":"8698372c-ab70-44e3-8658-9ace4293aa83","actor_username":"test3@gmail.com","actor_via_sso":false,"log_type":"token"}', '2026-03-29 13:46:19.558702+00', ''),
	('00000000-0000-0000-0000-000000000000', 'dc027c34-7eaa-4f46-83c0-9cf0d9c06db7', '{"action":"token_revoked","actor_id":"8698372c-ab70-44e3-8658-9ace4293aa83","actor_username":"test3@gmail.com","actor_via_sso":false,"log_type":"token"}', '2026-03-29 13:46:19.561259+00', ''),
	('00000000-0000-0000-0000-000000000000', '6d8d688d-3aa8-4842-a598-fe6d4f090556', '{"action":"logout","actor_id":"8698372c-ab70-44e3-8658-9ace4293aa83","actor_username":"test3@gmail.com","actor_via_sso":false,"log_type":"account"}', '2026-03-29 14:20:00.131886+00', ''),
	('00000000-0000-0000-0000-000000000000', 'ff87df8e-295a-41a2-bc0c-f8caee1d2642', '{"action":"login","actor_id":"5b031afe-bd0a-444f-9d65-773989cecfda","actor_username":"test2@gmail.com","actor_via_sso":false,"log_type":"account","traits":{"provider":"email"}}', '2026-03-29 14:20:04.607878+00', ''),
	('00000000-0000-0000-0000-000000000000', '379f1aa7-46c6-4c7e-a281-6cc4ddb88c5d', '{"action":"login","actor_id":"5b031afe-bd0a-444f-9d65-773989cecfda","actor_username":"test2@gmail.com","actor_via_sso":false,"log_type":"account","traits":{"provider":"email"}}', '2026-03-29 14:20:09.607618+00', ''),
	('00000000-0000-0000-0000-000000000000', 'e7e9e747-bb24-48fc-bac5-1dbbbd6628c0', '{"action":"login","actor_id":"5b031afe-bd0a-444f-9d65-773989cecfda","actor_username":"test2@gmail.com","actor_via_sso":false,"log_type":"account","traits":{"provider":"email"}}', '2026-03-29 14:20:31.761291+00', ''),
	('00000000-0000-0000-0000-000000000000', 'cbc20f62-eb99-4ed6-a9c3-df01d1ed4234', '{"action":"login","actor_id":"5b031afe-bd0a-444f-9d65-773989cecfda","actor_username":"test2@gmail.com","actor_via_sso":false,"log_type":"account","traits":{"provider":"email"}}', '2026-03-29 14:22:27.219587+00', ''),
	('00000000-0000-0000-0000-000000000000', '259e3350-5d3d-41fd-a3e7-7134b0f7b660', '{"action":"token_refreshed","actor_id":"5b031afe-bd0a-444f-9d65-773989cecfda","actor_username":"test2@gmail.com","actor_via_sso":false,"log_type":"token"}', '2026-03-29 15:21:18.380831+00', ''),
	('00000000-0000-0000-0000-000000000000', '117cb4c5-96f4-4f7d-9cb9-1734e2be09c0', '{"action":"token_revoked","actor_id":"5b031afe-bd0a-444f-9d65-773989cecfda","actor_username":"test2@gmail.com","actor_via_sso":false,"log_type":"token"}', '2026-03-29 15:21:18.382058+00', ''),
	('00000000-0000-0000-0000-000000000000', 'c707f1bf-49f0-4e0a-bb3e-22fdc32f1e1a', '{"action":"token_refreshed","actor_id":"5b031afe-bd0a-444f-9d65-773989cecfda","actor_username":"test2@gmail.com","actor_via_sso":false,"log_type":"token"}', '2026-03-29 16:19:37.286344+00', ''),
	('00000000-0000-0000-0000-000000000000', 'f7eb0aa3-4f13-405e-8e20-c827a1e14844', '{"action":"token_revoked","actor_id":"5b031afe-bd0a-444f-9d65-773989cecfda","actor_username":"test2@gmail.com","actor_via_sso":false,"log_type":"token"}', '2026-03-29 16:19:37.288534+00', ''),
	('00000000-0000-0000-0000-000000000000', 'cd7f4fdc-41f5-4fbd-acd7-99db7df9da21', '{"action":"token_refreshed","actor_id":"5b031afe-bd0a-444f-9d65-773989cecfda","actor_username":"test2@gmail.com","actor_via_sso":false,"log_type":"token"}', '2026-03-29 17:22:32.191144+00', ''),
	('00000000-0000-0000-0000-000000000000', 'cf775c32-becc-422c-8ee0-044608c4c83e', '{"action":"token_revoked","actor_id":"5b031afe-bd0a-444f-9d65-773989cecfda","actor_username":"test2@gmail.com","actor_via_sso":false,"log_type":"token"}', '2026-03-29 17:22:32.193042+00', ''),
	('00000000-0000-0000-0000-000000000000', '4b21162b-ae6c-4664-a7f1-f1fd5804e4ba', '{"action":"token_refreshed","actor_id":"5b031afe-bd0a-444f-9d65-773989cecfda","actor_username":"test2@gmail.com","actor_via_sso":false,"log_type":"token"}', '2026-03-29 21:24:44.365434+00', ''),
	('00000000-0000-0000-0000-000000000000', 'c04dfc5b-b39a-4d3c-966f-ea10cf515413', '{"action":"token_revoked","actor_id":"5b031afe-bd0a-444f-9d65-773989cecfda","actor_username":"test2@gmail.com","actor_via_sso":false,"log_type":"token"}', '2026-03-29 21:24:44.369309+00', ''),
	('00000000-0000-0000-0000-000000000000', '509cbf03-c5e4-446d-b6d1-224063702e80', '{"action":"token_refreshed","actor_id":"5b031afe-bd0a-444f-9d65-773989cecfda","actor_username":"test2@gmail.com","actor_via_sso":false,"log_type":"token"}', '2026-03-30 09:54:51.962882+00', ''),
	('00000000-0000-0000-0000-000000000000', 'a5c5509c-34a2-44e5-8de9-fbcf149b9855', '{"action":"token_revoked","actor_id":"5b031afe-bd0a-444f-9d65-773989cecfda","actor_username":"test2@gmail.com","actor_via_sso":false,"log_type":"token"}', '2026-03-30 09:54:51.96501+00', ''),
	('00000000-0000-0000-0000-000000000000', 'ba18f025-c8e3-4c58-b768-a9cbab0cff31', '{"action":"token_refreshed","actor_id":"5b031afe-bd0a-444f-9d65-773989cecfda","actor_username":"test2@gmail.com","actor_via_sso":false,"log_type":"token"}', '2026-03-30 12:17:20.482386+00', ''),
	('00000000-0000-0000-0000-000000000000', '210d6e57-370b-46e7-893d-3b7530ed84a6', '{"action":"token_revoked","actor_id":"5b031afe-bd0a-444f-9d65-773989cecfda","actor_username":"test2@gmail.com","actor_via_sso":false,"log_type":"token"}', '2026-03-30 12:17:20.483739+00', ''),
	('00000000-0000-0000-0000-000000000000', 'f97633bf-8910-4488-8b54-3e3314b06761', '{"action":"token_refreshed","actor_id":"5b031afe-bd0a-444f-9d65-773989cecfda","actor_username":"test2@gmail.com","actor_via_sso":false,"log_type":"token"}', '2026-03-30 13:17:39.88178+00', ''),
	('00000000-0000-0000-0000-000000000000', '2f276a06-e428-4b8e-8812-d97cddaaf50a', '{"action":"token_revoked","actor_id":"5b031afe-bd0a-444f-9d65-773989cecfda","actor_username":"test2@gmail.com","actor_via_sso":false,"log_type":"token"}', '2026-03-30 13:17:39.884847+00', ''),
	('00000000-0000-0000-0000-000000000000', '97bb3e2c-6696-4974-94d1-054a8f040d43', '{"action":"token_refreshed","actor_id":"5b031afe-bd0a-444f-9d65-773989cecfda","actor_username":"test2@gmail.com","actor_via_sso":false,"log_type":"token"}', '2026-03-30 13:17:39.957315+00', ''),
	('00000000-0000-0000-0000-000000000000', '8bb70be8-1b32-4d0c-8755-4178c749885e', '{"action":"token_refreshed","actor_id":"5b031afe-bd0a-444f-9d65-773989cecfda","actor_username":"test2@gmail.com","actor_via_sso":false,"log_type":"token"}', '2026-03-30 13:17:40.162912+00', ''),
	('00000000-0000-0000-0000-000000000000', '940c090e-e596-4733-bfea-ee2ec1b77b3f', '{"action":"logout","actor_id":"5b031afe-bd0a-444f-9d65-773989cecfda","actor_username":"test2@gmail.com","actor_via_sso":false,"log_type":"account"}', '2026-03-30 13:54:03.231515+00', ''),
	('00000000-0000-0000-0000-000000000000', 'd4c2777d-466b-4e57-a7cb-0b155499babc', '{"action":"login","actor_id":"8698372c-ab70-44e3-8658-9ace4293aa83","actor_username":"test3@gmail.com","actor_via_sso":false,"log_type":"account","traits":{"provider":"email"}}', '2026-03-30 13:54:06.690046+00', ''),
	('00000000-0000-0000-0000-000000000000', '1b80c824-7410-493b-9954-d9c2d90c7a76', '{"action":"token_refreshed","actor_id":"8698372c-ab70-44e3-8658-9ace4293aa83","actor_username":"test3@gmail.com","actor_via_sso":false,"log_type":"token"}', '2026-03-30 14:53:02.450444+00', ''),
	('00000000-0000-0000-0000-000000000000', 'ae102dd0-c172-4715-997f-2cfd59d9ef9a', '{"action":"token_revoked","actor_id":"8698372c-ab70-44e3-8658-9ace4293aa83","actor_username":"test3@gmail.com","actor_via_sso":false,"log_type":"token"}', '2026-03-30 14:53:02.451225+00', ''),
	('00000000-0000-0000-0000-000000000000', 'abcf9d63-8316-4b53-818a-9f48d2a6f723', '{"action":"token_refreshed","actor_id":"8698372c-ab70-44e3-8658-9ace4293aa83","actor_username":"test3@gmail.com","actor_via_sso":false,"log_type":"token"}', '2026-03-30 15:51:27.695676+00', ''),
	('00000000-0000-0000-0000-000000000000', '25e9cf06-492c-4b14-a2a0-3008fba0727c', '{"action":"token_revoked","actor_id":"8698372c-ab70-44e3-8658-9ace4293aa83","actor_username":"test3@gmail.com","actor_via_sso":false,"log_type":"token"}', '2026-03-30 15:51:27.701083+00', ''),
	('00000000-0000-0000-0000-000000000000', '6c6aabd7-cebd-4967-8dd9-72b31fe5297a', '{"action":"token_refreshed","actor_id":"8698372c-ab70-44e3-8658-9ace4293aa83","actor_username":"test3@gmail.com","actor_via_sso":false,"log_type":"token"}', '2026-03-30 16:49:54.557362+00', ''),
	('00000000-0000-0000-0000-000000000000', 'bc9a1d05-ee3a-4f89-ad7f-084e480cfac7', '{"action":"token_revoked","actor_id":"8698372c-ab70-44e3-8658-9ace4293aa83","actor_username":"test3@gmail.com","actor_via_sso":false,"log_type":"token"}', '2026-03-30 16:49:54.558494+00', ''),
	('00000000-0000-0000-0000-000000000000', 'f42d68e6-31fb-405b-9a34-9ed54042c98b', '{"action":"logout","actor_id":"8698372c-ab70-44e3-8658-9ace4293aa83","actor_username":"test3@gmail.com","actor_via_sso":false,"log_type":"account"}', '2026-03-30 17:09:12.742145+00', ''),
	('00000000-0000-0000-0000-000000000000', '12b95333-82dd-4c69-9078-40a2c5de5701', '{"action":"login","actor_id":"5b031afe-bd0a-444f-9d65-773989cecfda","actor_username":"test2@gmail.com","actor_via_sso":false,"log_type":"account","traits":{"provider":"email"}}', '2026-03-30 17:09:38.315902+00', ''),
	('00000000-0000-0000-0000-000000000000', '75629042-7b37-4655-a24c-ab453f72f61a', '{"action":"login","actor_id":"5b031afe-bd0a-444f-9d65-773989cecfda","actor_username":"test2@gmail.com","actor_via_sso":false,"log_type":"account","traits":{"provider":"email"}}', '2026-03-30 17:09:47.255551+00', ''),
	('00000000-0000-0000-0000-000000000000', 'b18ae83f-6ca9-460c-abdc-4104b9de7c3b', '{"action":"token_refreshed","actor_id":"5b031afe-bd0a-444f-9d65-773989cecfda","actor_username":"test2@gmail.com","actor_via_sso":false,"log_type":"token"}', '2026-03-31 01:40:38.478981+00', ''),
	('00000000-0000-0000-0000-000000000000', '0502533d-e49a-493a-9585-a4049c4d6e2f', '{"action":"token_revoked","actor_id":"5b031afe-bd0a-444f-9d65-773989cecfda","actor_username":"test2@gmail.com","actor_via_sso":false,"log_type":"token"}', '2026-03-31 01:40:38.481647+00', ''),
	('00000000-0000-0000-0000-000000000000', '0a10f14b-4a01-4678-b475-1525add9c7b0', '{"action":"token_refreshed","actor_id":"5b031afe-bd0a-444f-9d65-773989cecfda","actor_username":"test2@gmail.com","actor_via_sso":false,"log_type":"token"}', '2026-03-31 02:49:30.508167+00', ''),
	('00000000-0000-0000-0000-000000000000', '99eb497b-3a86-4012-b1f7-5bea8f083ca3', '{"action":"token_revoked","actor_id":"5b031afe-bd0a-444f-9d65-773989cecfda","actor_username":"test2@gmail.com","actor_via_sso":false,"log_type":"token"}', '2026-03-31 02:49:30.5107+00', ''),
	('00000000-0000-0000-0000-000000000000', '38af9743-7460-4398-911c-e0a170694288', '{"action":"logout","actor_id":"5b031afe-bd0a-444f-9d65-773989cecfda","actor_username":"test2@gmail.com","actor_via_sso":false,"log_type":"account"}', '2026-03-31 03:45:41.838435+00', ''),
	('00000000-0000-0000-0000-000000000000', '2427ab59-4d9e-431f-ba5d-802ab111616d', '{"action":"login","actor_id":"8698372c-ab70-44e3-8658-9ace4293aa83","actor_username":"test3@gmail.com","actor_via_sso":false,"log_type":"account","traits":{"provider":"email"}}', '2026-03-31 03:45:46.182498+00', ''),
	('00000000-0000-0000-0000-000000000000', 'e14eb283-07a3-4bb9-a5d7-6cf67c99d793', '{"action":"logout","actor_id":"8698372c-ab70-44e3-8658-9ace4293aa83","actor_username":"test3@gmail.com","actor_via_sso":false,"log_type":"account"}', '2026-03-31 03:46:40.187836+00', ''),
	('00000000-0000-0000-0000-000000000000', 'df7a84b3-4192-484e-9f52-97d06e74a810', '{"action":"login","actor_id":"8698372c-ab70-44e3-8658-9ace4293aa83","actor_username":"test3@gmail.com","actor_via_sso":false,"log_type":"account","traits":{"provider":"email"}}', '2026-03-31 03:46:44.583078+00', ''),
	('00000000-0000-0000-0000-000000000000', 'fbd92cd5-968f-4cf4-87e4-94a1723a3507', '{"action":"login","actor_id":"5b031afe-bd0a-444f-9d65-773989cecfda","actor_username":"test2@gmail.com","actor_via_sso":false,"log_type":"account","traits":{"provider":"email"}}', '2026-03-31 03:46:50.263457+00', ''),
	('00000000-0000-0000-0000-000000000000', '57846c12-16fd-4b71-9f1d-1f8bd9ed4e22', '{"action":"logout","actor_id":"5b031afe-bd0a-444f-9d65-773989cecfda","actor_username":"test2@gmail.com","actor_via_sso":false,"log_type":"account"}', '2026-03-31 04:05:16.107022+00', ''),
	('00000000-0000-0000-0000-000000000000', 'c82874c6-5445-4b7e-9264-bb535dd98254', '{"action":"login","actor_id":"8698372c-ab70-44e3-8658-9ace4293aa83","actor_username":"test3@gmail.com","actor_via_sso":false,"log_type":"account","traits":{"provider":"email"}}', '2026-03-31 04:05:19.400986+00', ''),
	('00000000-0000-0000-0000-000000000000', 'dcbd3a5c-97bc-49e9-a802-d5d93c1afb9c', '{"action":"login","actor_id":"8698372c-ab70-44e3-8658-9ace4293aa83","actor_username":"test3@gmail.com","actor_via_sso":false,"log_type":"account","traits":{"provider":"email"}}', '2026-03-31 04:05:23.243385+00', ''),
	('00000000-0000-0000-0000-000000000000', '0e0d2441-a0ee-4856-bcb6-4c3971beb950', '{"action":"logout","actor_id":"8698372c-ab70-44e3-8658-9ace4293aa83","actor_username":"test3@gmail.com","actor_via_sso":false,"log_type":"account"}', '2026-03-31 04:43:01.556091+00', ''),
	('00000000-0000-0000-0000-000000000000', '55492350-6ddc-439e-b71f-1c361b6ba7fe', '{"action":"login","actor_id":"8698372c-ab70-44e3-8658-9ace4293aa83","actor_username":"test3@gmail.com","actor_via_sso":false,"log_type":"account","traits":{"provider":"email"}}', '2026-03-31 04:43:04.567239+00', ''),
	('00000000-0000-0000-0000-000000000000', '248274b3-cbf5-474f-b4c5-4a12df46f7da', '{"action":"login","actor_id":"8698372c-ab70-44e3-8658-9ace4293aa83","actor_username":"test3@gmail.com","actor_via_sso":false,"log_type":"account","traits":{"provider":"email"}}', '2026-03-31 04:43:12.749895+00', ''),
	('00000000-0000-0000-0000-000000000000', '4313e7a9-ea5b-4d47-a661-5db188803d20', '{"action":"login","actor_id":"8698372c-ab70-44e3-8658-9ace4293aa83","actor_username":"test3@gmail.com","actor_via_sso":false,"log_type":"account","traits":{"provider":"email"}}', '2026-03-31 04:43:15.346087+00', ''),
	('00000000-0000-0000-0000-000000000000', '0ad543e0-b503-4bf9-9ad4-cf7b2797bc40', '{"action":"login","actor_id":"8698372c-ab70-44e3-8658-9ace4293aa83","actor_username":"test3@gmail.com","actor_via_sso":false,"log_type":"account","traits":{"provider":"email"}}', '2026-03-31 04:43:18.976981+00', ''),
	('00000000-0000-0000-0000-000000000000', '3494cf98-c361-4ceb-aa57-74900c21a066', '{"action":"logout","actor_id":"8698372c-ab70-44e3-8658-9ace4293aa83","actor_username":"test3@gmail.com","actor_via_sso":false,"log_type":"account"}', '2026-03-31 04:47:54.847633+00', ''),
	('00000000-0000-0000-0000-000000000000', '46d20490-e338-4d70-9c7a-0ed7e37552a0', '{"action":"login","actor_id":"5b031afe-bd0a-444f-9d65-773989cecfda","actor_username":"test2@gmail.com","actor_via_sso":false,"log_type":"account","traits":{"provider":"email"}}', '2026-03-31 04:47:58.49947+00', ''),
	('00000000-0000-0000-0000-000000000000', 'f64395b6-715c-4ceb-ac70-0065c16977cc', '{"action":"login","actor_id":"5b031afe-bd0a-444f-9d65-773989cecfda","actor_username":"test2@gmail.com","actor_via_sso":false,"log_type":"account","traits":{"provider":"email"}}', '2026-03-31 04:48:04.999286+00', ''),
	('00000000-0000-0000-0000-000000000000', '723f9214-294a-4ee4-8b1a-f1cbe45dd51c', '{"action":"login","actor_id":"5b031afe-bd0a-444f-9d65-773989cecfda","actor_username":"test2@gmail.com","actor_via_sso":false,"log_type":"account","traits":{"provider":"email"}}', '2026-03-31 04:48:06.729566+00', ''),
	('00000000-0000-0000-0000-000000000000', '857d74c9-07f0-454f-a4fd-c72cae1bfba7', '{"action":"login","actor_id":"5b031afe-bd0a-444f-9d65-773989cecfda","actor_username":"test2@gmail.com","actor_via_sso":false,"log_type":"account","traits":{"provider":"email"}}', '2026-03-31 04:48:08.218004+00', ''),
	('00000000-0000-0000-0000-000000000000', '45cfadcc-c4a8-472c-bd43-e7502cb21c1e', '{"action":"login","actor_id":"5b031afe-bd0a-444f-9d65-773989cecfda","actor_username":"test2@gmail.com","actor_via_sso":false,"log_type":"account","traits":{"provider":"email"}}', '2026-03-31 04:48:09.495378+00', ''),
	('00000000-0000-0000-0000-000000000000', '0c34b789-df84-4bef-8757-8af3ce735743', '{"action":"login","actor_id":"5b031afe-bd0a-444f-9d65-773989cecfda","actor_username":"test2@gmail.com","actor_via_sso":false,"log_type":"account","traits":{"provider":"email"}}', '2026-03-31 04:48:11.550718+00', ''),
	('00000000-0000-0000-0000-000000000000', 'bac6f3ea-b2b1-4ef7-bdf0-055cc9576f2a', '{"action":"user_repeated_signup","actor_id":"5b031afe-bd0a-444f-9d65-773989cecfda","actor_username":"test2@gmail.com","actor_via_sso":false,"log_type":"user","traits":{"provider":"email"}}', '2026-03-31 04:48:25.974799+00', ''),
	('00000000-0000-0000-0000-000000000000', '6a976a8a-d424-49df-8580-3d1aa29d8eb5', '{"action":"login","actor_id":"5b031afe-bd0a-444f-9d65-773989cecfda","actor_username":"test2@gmail.com","actor_via_sso":false,"log_type":"account","traits":{"provider":"email"}}', '2026-03-31 04:48:28.20768+00', ''),
	('00000000-0000-0000-0000-000000000000', '7ba0909d-be14-46bd-9a65-0e568af954cc', '{"action":"logout","actor_id":"5b031afe-bd0a-444f-9d65-773989cecfda","actor_username":"test2@gmail.com","actor_via_sso":false,"log_type":"account"}', '2026-03-31 05:08:23.03934+00', ''),
	('00000000-0000-0000-0000-000000000000', '09fe2859-3e41-4f4d-887a-591b16d17ec8', '{"action":"login","actor_id":"8698372c-ab70-44e3-8658-9ace4293aa83","actor_username":"test3@gmail.com","actor_via_sso":false,"log_type":"account","traits":{"provider":"email"}}', '2026-03-31 05:08:28.478181+00', ''),
	('00000000-0000-0000-0000-000000000000', '425c7b9a-3623-4dd9-99ae-6551b2b2b32d', '{"action":"login","actor_id":"8698372c-ab70-44e3-8658-9ace4293aa83","actor_username":"test3@gmail.com","actor_via_sso":false,"log_type":"account","traits":{"provider":"email"}}', '2026-03-31 05:08:34.081923+00', ''),
	('00000000-0000-0000-0000-000000000000', '00f39b85-c384-495f-bc83-ea62be0252db', '{"action":"logout","actor_id":"8698372c-ab70-44e3-8658-9ace4293aa83","actor_username":"test3@gmail.com","actor_via_sso":false,"log_type":"account"}', '2026-03-31 05:23:08.761186+00', ''),
	('00000000-0000-0000-0000-000000000000', 'f43fb19e-61ba-4b12-9831-a96f431aacd4', '{"action":"login","actor_id":"5b031afe-bd0a-444f-9d65-773989cecfda","actor_username":"test2@gmail.com","actor_via_sso":false,"log_type":"account","traits":{"provider":"email"}}', '2026-03-31 05:23:17.431896+00', ''),
	('00000000-0000-0000-0000-000000000000', '7a9a99aa-df82-494b-ab25-6ab34a9eca7c', '{"action":"login","actor_id":"5b031afe-bd0a-444f-9d65-773989cecfda","actor_username":"test2@gmail.com","actor_via_sso":false,"log_type":"account","traits":{"provider":"email"}}', '2026-03-31 05:23:21.337883+00', ''),
	('00000000-0000-0000-0000-000000000000', '5db9d61d-ec67-406c-9f7e-e9faac6166b6', '{"action":"login","actor_id":"5b031afe-bd0a-444f-9d65-773989cecfda","actor_username":"test2@gmail.com","actor_via_sso":false,"log_type":"account","traits":{"provider":"email"}}', '2026-03-31 05:23:25.213954+00', ''),
	('00000000-0000-0000-0000-000000000000', '5c99f3ab-a825-474b-8967-38a2ccb4cfba', '{"action":"login","actor_id":"5b031afe-bd0a-444f-9d65-773989cecfda","actor_username":"test2@gmail.com","actor_via_sso":false,"log_type":"account","traits":{"provider":"email"}}', '2026-03-31 05:23:28.941699+00', ''),
	('00000000-0000-0000-0000-000000000000', '5f08c883-ebb6-48a2-8621-95f9bb76ca1d', '{"action":"logout","actor_id":"5b031afe-bd0a-444f-9d65-773989cecfda","actor_username":"test2@gmail.com","actor_via_sso":false,"log_type":"account"}', '2026-03-31 05:38:22.049692+00', ''),
	('00000000-0000-0000-0000-000000000000', '8eac460c-6c89-4967-a234-1446394edd13', '{"action":"login","actor_id":"8698372c-ab70-44e3-8658-9ace4293aa83","actor_username":"test3@gmail.com","actor_via_sso":false,"log_type":"account","traits":{"provider":"email"}}', '2026-03-31 05:38:28.849702+00', ''),
	('00000000-0000-0000-0000-000000000000', '5754a541-3066-45bf-af6e-80351b8c0da6', '{"action":"login","actor_id":"8698372c-ab70-44e3-8658-9ace4293aa83","actor_username":"test3@gmail.com","actor_via_sso":false,"log_type":"account","traits":{"provider":"email"}}', '2026-03-31 05:38:34.058883+00', ''),
	('00000000-0000-0000-0000-000000000000', 'b487cd1f-bac0-413f-ba14-304cd5cd7642', '{"action":"login","actor_id":"8698372c-ab70-44e3-8658-9ace4293aa83","actor_username":"test3@gmail.com","actor_via_sso":false,"log_type":"account","traits":{"provider":"email"}}', '2026-03-31 05:38:37.964076+00', ''),
	('00000000-0000-0000-0000-000000000000', 'dc7aa78a-5f5f-4d13-8851-3ca759b30240', '{"action":"login","actor_id":"8698372c-ab70-44e3-8658-9ace4293aa83","actor_username":"test3@gmail.com","actor_via_sso":false,"log_type":"account","traits":{"provider":"email"}}', '2026-03-31 05:38:39.900599+00', ''),
	('00000000-0000-0000-0000-000000000000', 'e02ad8e9-1e2f-4085-98eb-ce926036d074', '{"action":"logout","actor_id":"8698372c-ab70-44e3-8658-9ace4293aa83","actor_username":"test3@gmail.com","actor_via_sso":false,"log_type":"account"}', '2026-03-31 06:31:42.916696+00', ''),
	('00000000-0000-0000-0000-000000000000', '6956efdf-6df2-4b47-88ee-b11c34020f49', '{"action":"login","actor_id":"5b031afe-bd0a-444f-9d65-773989cecfda","actor_username":"test2@gmail.com","actor_via_sso":false,"log_type":"account","traits":{"provider":"email"}}', '2026-03-31 06:31:46.795425+00', ''),
	('00000000-0000-0000-0000-000000000000', '43ef64de-4ce5-4877-a497-4c203cd5f915', '{"action":"login","actor_id":"5b031afe-bd0a-444f-9d65-773989cecfda","actor_username":"test2@gmail.com","actor_via_sso":false,"log_type":"account","traits":{"provider":"email"}}', '2026-03-31 06:31:51.12994+00', ''),
	('00000000-0000-0000-0000-000000000000', '5c2fc015-8490-4aeb-be51-b97e98628e93', '{"action":"logout","actor_id":"5b031afe-bd0a-444f-9d65-773989cecfda","actor_username":"test2@gmail.com","actor_via_sso":false,"log_type":"account"}', '2026-03-31 06:41:15.367301+00', ''),
	('00000000-0000-0000-0000-000000000000', 'aa3310ca-8cb2-45ca-bb07-46835fa85b82', '{"action":"login","actor_id":"8698372c-ab70-44e3-8658-9ace4293aa83","actor_username":"test3@gmail.com","actor_via_sso":false,"log_type":"account","traits":{"provider":"email"}}', '2026-03-31 06:41:20.017831+00', ''),
	('00000000-0000-0000-0000-000000000000', 'e1d05915-e59f-420a-93bf-384fa90f9252', '{"action":"login","actor_id":"8698372c-ab70-44e3-8658-9ace4293aa83","actor_username":"test3@gmail.com","actor_via_sso":false,"log_type":"account","traits":{"provider":"email"}}', '2026-03-31 06:41:23.155814+00', ''),
	('00000000-0000-0000-0000-000000000000', 'da992143-28c0-48a0-8f61-466586bfe2ff', '{"action":"token_refreshed","actor_id":"8698372c-ab70-44e3-8658-9ace4293aa83","actor_username":"test3@gmail.com","actor_via_sso":false,"log_type":"token"}', '2026-03-31 11:30:20.522666+00', ''),
	('00000000-0000-0000-0000-000000000000', '9c9827c5-aaf9-4a1d-974d-9b5048b77b39', '{"action":"token_revoked","actor_id":"8698372c-ab70-44e3-8658-9ace4293aa83","actor_username":"test3@gmail.com","actor_via_sso":false,"log_type":"token"}', '2026-03-31 11:30:20.528449+00', ''),
	('00000000-0000-0000-0000-000000000000', '53b9606e-68f4-4f8e-873a-5402eef501d6', '{"action":"token_refreshed","actor_id":"8698372c-ab70-44e3-8658-9ace4293aa83","actor_username":"test3@gmail.com","actor_via_sso":false,"log_type":"token"}', '2026-03-31 11:30:21.871722+00', ''),
	('00000000-0000-0000-0000-000000000000', 'ad0f3fae-f80f-4828-8d51-f7e7cb4a3008', '{"action":"logout","actor_id":"8698372c-ab70-44e3-8658-9ace4293aa83","actor_username":"test3@gmail.com","actor_via_sso":false,"log_type":"account"}', '2026-03-31 11:35:06.501926+00', ''),
	('00000000-0000-0000-0000-000000000000', '0eee303b-4c0e-42d7-a4d7-1b3a2836b221', '{"action":"login","actor_id":"5b031afe-bd0a-444f-9d65-773989cecfda","actor_username":"test2@gmail.com","actor_via_sso":false,"log_type":"account","traits":{"provider":"email"}}', '2026-03-31 11:35:11.722902+00', ''),
	('00000000-0000-0000-0000-000000000000', 'c6eb9c04-09d4-4e76-b622-05b9de20db95', '{"action":"login","actor_id":"5b031afe-bd0a-444f-9d65-773989cecfda","actor_username":"test2@gmail.com","actor_via_sso":false,"log_type":"account","traits":{"provider":"email"}}', '2026-03-31 11:35:15.622544+00', ''),
	('00000000-0000-0000-0000-000000000000', 'ea47ab91-4a9e-4c3b-938a-1970fdf8b21b', '{"action":"login","actor_id":"5b031afe-bd0a-444f-9d65-773989cecfda","actor_username":"test2@gmail.com","actor_via_sso":false,"log_type":"account","traits":{"provider":"email"}}', '2026-03-31 11:35:18.274096+00', ''),
	('00000000-0000-0000-0000-000000000000', '69eeec25-8afe-4d66-92b3-7a3838c74c8f', '{"action":"login","actor_id":"5b031afe-bd0a-444f-9d65-773989cecfda","actor_username":"test2@gmail.com","actor_via_sso":false,"log_type":"account","traits":{"provider":"email"}}', '2026-03-31 11:35:21.211849+00', ''),
	('00000000-0000-0000-0000-000000000000', '1a518a30-338c-4520-a39c-633adb05d840', '{"action":"logout","actor_id":"5b031afe-bd0a-444f-9d65-773989cecfda","actor_username":"test2@gmail.com","actor_via_sso":false,"log_type":"account"}', '2026-03-31 11:38:27.781077+00', ''),
	('00000000-0000-0000-0000-000000000000', 'f6761796-ff24-48dc-95d1-05d94b3aa018', '{"action":"login","actor_id":"8698372c-ab70-44e3-8658-9ace4293aa83","actor_username":"test3@gmail.com","actor_via_sso":false,"log_type":"account","traits":{"provider":"email"}}', '2026-03-31 11:38:33.406417+00', ''),
	('00000000-0000-0000-0000-000000000000', 'e40029c2-efcf-4175-b4ed-941e7243c7cd', '{"action":"login","actor_id":"8698372c-ab70-44e3-8658-9ace4293aa83","actor_username":"test3@gmail.com","actor_via_sso":false,"log_type":"account","traits":{"provider":"email"}}', '2026-03-31 11:39:03.064941+00', ''),
	('00000000-0000-0000-0000-000000000000', '9f102d7d-6bcd-45cb-924d-f7c960f02720', '{"action":"login","actor_id":"8698372c-ab70-44e3-8658-9ace4293aa83","actor_username":"test3@gmail.com","actor_via_sso":false,"log_type":"account","traits":{"provider":"email"}}', '2026-03-31 11:39:04.806841+00', ''),
	('00000000-0000-0000-0000-000000000000', 'c4b39264-1680-468f-a0ac-7cc2184cb448', '{"action":"token_refreshed","actor_id":"8698372c-ab70-44e3-8658-9ace4293aa83","actor_username":"test3@gmail.com","actor_via_sso":false,"log_type":"token"}', '2026-03-31 12:38:02.484912+00', ''),
	('00000000-0000-0000-0000-000000000000', '8ddf5354-a661-44be-99fe-761115c235ba', '{"action":"token_revoked","actor_id":"8698372c-ab70-44e3-8658-9ace4293aa83","actor_username":"test3@gmail.com","actor_via_sso":false,"log_type":"token"}', '2026-03-31 12:38:02.486397+00', ''),
	('00000000-0000-0000-0000-000000000000', 'fe8f6f45-360a-4afc-91bd-2d4b28638d77', '{"action":"token_refreshed","actor_id":"8698372c-ab70-44e3-8658-9ace4293aa83","actor_username":"test3@gmail.com","actor_via_sso":false,"log_type":"token"}', '2026-03-31 13:45:14.689428+00', ''),
	('00000000-0000-0000-0000-000000000000', 'c2c742c7-efb5-4dab-bc37-c749a9958d23', '{"action":"token_revoked","actor_id":"8698372c-ab70-44e3-8658-9ace4293aa83","actor_username":"test3@gmail.com","actor_via_sso":false,"log_type":"token"}', '2026-03-31 13:45:14.690468+00', '');


--
-- Data for Name: custom_oauth_providers; Type: TABLE DATA; Schema: auth; Owner: supabase_auth_admin
--



--
-- Data for Name: flow_state; Type: TABLE DATA; Schema: auth; Owner: supabase_auth_admin
--



--
-- Data for Name: users; Type: TABLE DATA; Schema: auth; Owner: supabase_auth_admin
--

INSERT INTO "auth"."users" ("instance_id", "id", "aud", "role", "email", "encrypted_password", "email_confirmed_at", "invited_at", "confirmation_token", "confirmation_sent_at", "recovery_token", "recovery_sent_at", "email_change_token_new", "email_change", "email_change_sent_at", "last_sign_in_at", "raw_app_meta_data", "raw_user_meta_data", "is_super_admin", "created_at", "updated_at", "phone", "phone_confirmed_at", "phone_change", "phone_change_token", "phone_change_sent_at", "email_change_token_current", "email_change_confirm_status", "banned_until", "reauthentication_token", "reauthentication_sent_at", "is_sso_user", "deleted_at", "is_anonymous") VALUES
	('00000000-0000-0000-0000-000000000000', '75196e86-2247-42ab-8e85-e41e15c963e2', 'authenticated', 'admin', 'test@example.com', '$2a$06$lMCNmktntI0rMR25gClDLOmQcBZYQGzcnA07QYJN3D3jJ/VSmDXUm', '2026-01-28 15:06:15.625273+00', NULL, NULL, NULL, NULL, NULL, NULL, NULL, NULL, NULL, NULL, NULL, NULL, '2026-01-28 15:06:15.625273+00', '2026-01-28 15:06:15.625273+00', NULL, NULL, '', '', NULL, '', 0, NULL, '', NULL, false, NULL, false),
	('00000000-0000-0000-0000-000000000000', '67bb171f-27c4-444e-ba54-a6fe564b438f', 'authenticated', 'authenticated', 'testadmin@gmail.com', '$2a$10$RK3NkbnPzIc2VMYtj0mK6ecMtFa2mOOBQq1QGM8AC688/5aLt6AO2', '2026-03-03 04:24:30.448445+00', NULL, '', NULL, '', NULL, '', '', NULL, '2026-03-03 15:07:06.642824+00', '{"provider": "email", "providers": ["email"]}', '{"sub": "67bb171f-27c4-444e-ba54-a6fe564b438f", "email": "testadmin@gmail.com", "email_verified": true, "phone_verified": false}', NULL, '2026-03-03 04:24:30.411329+00', '2026-03-03 15:07:06.659231+00', NULL, NULL, '', '', NULL, '', 0, NULL, '', NULL, false, NULL, false),
	('00000000-0000-0000-0000-000000000000', 'b704b4c6-fb99-411c-9f8e-eac0dcb90381', 'authenticated', 'authenticated', 'testfaculty1@gmail.com', '$2a$10$3SRLthV4K220LIOpvRcRQe34elPEWxKhb3.CwQ9mHeCt7Xnx3Q/Uq', '2026-03-03 04:17:54.313861+00', NULL, '', NULL, '', NULL, '', '', NULL, '2026-03-03 15:22:37.12456+00', '{"provider": "email", "providers": ["email"]}', '{"sub": "b704b4c6-fb99-411c-9f8e-eac0dcb90381", "email": "testfaculty1@gmail.com", "email_verified": true, "phone_verified": false}', NULL, '2026-03-03 04:17:54.288335+00', '2026-03-03 15:22:37.128757+00', NULL, NULL, '', '', NULL, '', 0, NULL, '', NULL, false, NULL, false),
	('00000000-0000-0000-0000-000000000000', '6ab06c5a-f4a0-477c-8e98-b10d6d5865ed', 'authenticated', 'authenticated', 'testfaculty2@gmail.com', '$2a$10$0lPh6DTg5HOHLD/.Zh.RleAzu69lI7Piat971IlgdVGKSuR./DTL6', '2026-03-03 04:20:23.11111+00', NULL, '', NULL, '', NULL, '', '', NULL, '2026-03-03 04:20:23.114609+00', '{"provider": "email", "providers": ["email"]}', '{"sub": "6ab06c5a-f4a0-477c-8e98-b10d6d5865ed", "email": "testfaculty2@gmail.com", "email_verified": true, "phone_verified": false}', NULL, '2026-03-03 04:20:23.095138+00', '2026-03-03 04:20:23.118287+00', NULL, NULL, '', '', NULL, '', 0, NULL, '', NULL, false, NULL, false),
	('00000000-0000-0000-0000-000000000000', 'f43c1041-48db-4c6e-b1e1-0edceb458328', 'authenticated', 'authenticated', 'test1@gmail.com', '$2a$10$7XRG/YVOfUg5oc.W6T4tfuiODxs/cfOBeT3szT6YA2XTUrur0LPQ2', '2026-01-29 02:53:39.370495+00', NULL, '', NULL, '7fc1e9aa903d8e7256a1f420765cd557d4606413ce114780a717df04', '2026-03-23 15:18:56.52598+00', '', '', NULL, '2026-03-18 15:27:27.830396+00', '{"provider": "email", "providers": ["email"]}', '{"sub": "f43c1041-48db-4c6e-b1e1-0edceb458328", "email": "test1@gmail.com", "email_verified": true, "phone_verified": false}', NULL, '2026-01-29 02:53:39.341894+00', '2026-03-23 15:18:56.537716+00', NULL, NULL, '', '', NULL, '', 0, NULL, '', NULL, false, NULL, false),
	('00000000-0000-0000-0000-000000000000', '8698372c-ab70-44e3-8658-9ace4293aa83', 'authenticated', 'authenticated', 'test3@gmail.com', '$2a$10$GZGvlVodPH1.S3faKHdOUuwDsALk97a0LikmTpEWX8XCQ2z95pOS.', '2026-02-02 13:10:31.994333+00', NULL, '', NULL, '', NULL, '', '', NULL, '2026-03-31 11:39:04.80868+00', '{"provider": "email", "providers": ["email"]}', '{"sub": "8698372c-ab70-44e3-8658-9ace4293aa83", "email": "test3@gmail.com", "email_verified": true, "phone_verified": false}', NULL, '2026-02-02 13:10:31.985258+00', '2026-03-31 13:45:14.694354+00', NULL, NULL, '', '', NULL, '', 0, NULL, '', NULL, false, NULL, false),
	('00000000-0000-0000-0000-000000000000', '5b031afe-bd0a-444f-9d65-773989cecfda', 'authenticated', 'authenticated', 'test2@gmail.com', '$2a$10$HLjgAmNQwdBk5FlQxFIcLeWJy9x5aRM.d.DqbgUtf323SJNIX/uXG', '2026-02-02 13:06:51.466546+00', NULL, '', NULL, '', NULL, '', '', NULL, '2026-03-31 11:35:21.213732+00', '{"provider": "email", "providers": ["email"]}', '{"sub": "5b031afe-bd0a-444f-9d65-773989cecfda", "email": "test2@gmail.com", "email_verified": true, "phone_verified": false}', NULL, '2026-02-02 13:06:51.428613+00', '2026-03-31 11:35:21.218583+00', NULL, NULL, '', '', NULL, '', 0, NULL, '', NULL, false, NULL, false);


--
-- Data for Name: identities; Type: TABLE DATA; Schema: auth; Owner: supabase_auth_admin
--

INSERT INTO "auth"."identities" ("provider_id", "user_id", "identity_data", "provider", "last_sign_in_at", "created_at", "updated_at", "id") VALUES
	('f43c1041-48db-4c6e-b1e1-0edceb458328', 'f43c1041-48db-4c6e-b1e1-0edceb458328', '{"sub": "f43c1041-48db-4c6e-b1e1-0edceb458328", "email": "test1@gmail.com", "email_verified": false, "phone_verified": false}', 'email', '2026-01-29 02:53:39.36439+00', '2026-01-29 02:53:39.364451+00', '2026-01-29 02:53:39.364451+00', 'aec15b86-b9f3-4acf-96b2-977e695311df'),
	('5b031afe-bd0a-444f-9d65-773989cecfda', '5b031afe-bd0a-444f-9d65-773989cecfda', '{"sub": "5b031afe-bd0a-444f-9d65-773989cecfda", "email": "test2@gmail.com", "email_verified": false, "phone_verified": false}', 'email', '2026-02-02 13:06:51.46256+00', '2026-02-02 13:06:51.462617+00', '2026-02-02 13:06:51.462617+00', '779c51c4-31de-4460-92d1-252c813a50e5'),
	('8698372c-ab70-44e3-8658-9ace4293aa83', '8698372c-ab70-44e3-8658-9ace4293aa83', '{"sub": "8698372c-ab70-44e3-8658-9ace4293aa83", "email": "test3@gmail.com", "email_verified": false, "phone_verified": false}', 'email', '2026-02-02 13:10:31.991642+00', '2026-02-02 13:10:31.991709+00', '2026-02-02 13:10:31.991709+00', '700145ba-9af3-42c0-9779-7501c3475566'),
	('b704b4c6-fb99-411c-9f8e-eac0dcb90381', 'b704b4c6-fb99-411c-9f8e-eac0dcb90381', '{"sub": "b704b4c6-fb99-411c-9f8e-eac0dcb90381", "email": "testfaculty1@gmail.com", "email_verified": false, "phone_verified": false}', 'email', '2026-03-03 04:17:54.308319+00', '2026-03-03 04:17:54.308372+00', '2026-03-03 04:17:54.308372+00', '8080a6a3-0c0e-402d-a451-e1374245e7c2'),
	('6ab06c5a-f4a0-477c-8e98-b10d6d5865ed', '6ab06c5a-f4a0-477c-8e98-b10d6d5865ed', '{"sub": "6ab06c5a-f4a0-477c-8e98-b10d6d5865ed", "email": "testfaculty2@gmail.com", "email_verified": false, "phone_verified": false}', 'email', '2026-03-03 04:20:23.106824+00', '2026-03-03 04:20:23.106874+00', '2026-03-03 04:20:23.106874+00', '4930e384-8fdd-416a-b461-b5656d3a2ce9'),
	('67bb171f-27c4-444e-ba54-a6fe564b438f', '67bb171f-27c4-444e-ba54-a6fe564b438f', '{"sub": "67bb171f-27c4-444e-ba54-a6fe564b438f", "email": "testadmin@gmail.com", "email_verified": false, "phone_verified": false}', 'email', '2026-03-03 04:24:30.443836+00', '2026-03-03 04:24:30.443882+00', '2026-03-03 04:24:30.443882+00', 'e6c1ae43-183b-4653-839a-f0ca54a4bba0');


--
-- Data for Name: instances; Type: TABLE DATA; Schema: auth; Owner: supabase_auth_admin
--



--
-- Data for Name: oauth_clients; Type: TABLE DATA; Schema: auth; Owner: supabase_auth_admin
--



--
-- Data for Name: sessions; Type: TABLE DATA; Schema: auth; Owner: supabase_auth_admin
--

INSERT INTO "auth"."sessions" ("id", "user_id", "created_at", "updated_at", "factor_id", "aal", "not_after", "refreshed_at", "user_agent", "ip", "tag", "oauth_client_id", "refresh_token_hmac_key", "refresh_token_counter", "scopes") VALUES
	('bb11c045-3658-48cc-a0f2-00c20bcd9158', '6ab06c5a-f4a0-477c-8e98-b10d6d5865ed', '2026-03-03 04:20:23.115366+00', '2026-03-03 04:20:23.115366+00', NULL, 'aal1', NULL, NULL, 'node', '202.92.128.217', NULL, NULL, NULL, NULL, NULL),
	('141d9ace-6b25-4d94-b28c-cd3bbfe727ad', '8698372c-ab70-44e3-8658-9ace4293aa83', '2026-03-31 11:38:33.40859+00', '2026-03-31 11:38:33.40859+00', NULL, 'aal1', NULL, NULL, 'node', '172.23.0.1', NULL, NULL, NULL, NULL, NULL),
	('9f3068d2-f5d3-4a23-800c-b928eb4bc4a5', '8698372c-ab70-44e3-8658-9ace4293aa83', '2026-03-31 11:39:03.06663+00', '2026-03-31 11:39:03.06663+00', NULL, 'aal1', NULL, NULL, 'node', '172.23.0.1', NULL, NULL, NULL, NULL, NULL),
	('acefa9ca-9701-4412-a082-7ec205a76af6', '8698372c-ab70-44e3-8658-9ace4293aa83', '2026-03-31 11:39:04.80879+00', '2026-03-31 13:45:14.696272+00', NULL, 'aal1', NULL, '2026-03-31 13:45:14.696189', 'Mozilla/5.0 (X11; Linux x86_64; rv:148.0) Gecko/20100101 Firefox/148.0', '172.23.0.1', NULL, NULL, NULL, NULL, NULL);


--
-- Data for Name: mfa_amr_claims; Type: TABLE DATA; Schema: auth; Owner: supabase_auth_admin
--

INSERT INTO "auth"."mfa_amr_claims" ("session_id", "created_at", "updated_at", "authentication_method", "id") VALUES
	('141d9ace-6b25-4d94-b28c-cd3bbfe727ad', '2026-03-31 11:38:33.414626+00', '2026-03-31 11:38:33.414626+00', 'password', '974ec9f9-9bb9-492d-85b2-dde5378751d3'),
	('9f3068d2-f5d3-4a23-800c-b928eb4bc4a5', '2026-03-31 11:39:03.071403+00', '2026-03-31 11:39:03.071403+00', 'password', '738bcdf1-bff3-4eb0-a22e-b51f7904cac5'),
	('acefa9ca-9701-4412-a082-7ec205a76af6', '2026-03-31 11:39:04.815476+00', '2026-03-31 11:39:04.815476+00', 'password', '1f2648b3-494e-4abe-9b9a-cd53b3f56e86'),
	('bb11c045-3658-48cc-a0f2-00c20bcd9158', '2026-03-03 04:20:23.118779+00', '2026-03-03 04:20:23.118779+00', 'password', 'f12f043d-96a3-449a-94a2-e54d73179ff7');


--
-- Data for Name: mfa_factors; Type: TABLE DATA; Schema: auth; Owner: supabase_auth_admin
--



--
-- Data for Name: mfa_challenges; Type: TABLE DATA; Schema: auth; Owner: supabase_auth_admin
--



--
-- Data for Name: oauth_authorizations; Type: TABLE DATA; Schema: auth; Owner: supabase_auth_admin
--



--
-- Data for Name: oauth_client_states; Type: TABLE DATA; Schema: auth; Owner: supabase_auth_admin
--



--
-- Data for Name: oauth_consents; Type: TABLE DATA; Schema: auth; Owner: supabase_auth_admin
--



--
-- Data for Name: one_time_tokens; Type: TABLE DATA; Schema: auth; Owner: supabase_auth_admin
--

INSERT INTO "auth"."one_time_tokens" ("id", "user_id", "token_type", "token_hash", "relates_to", "created_at", "updated_at") VALUES
	('658bdb87-4bdd-42af-826b-22c6ffde2d58', 'f43c1041-48db-4c6e-b1e1-0edceb458328', 'recovery_token', '7fc1e9aa903d8e7256a1f420765cd557d4606413ce114780a717df04', 'test1@gmail.com', '2026-03-23 15:18:56.540918', '2026-03-23 15:18:56.540918');


--
-- Data for Name: refresh_tokens; Type: TABLE DATA; Schema: auth; Owner: supabase_auth_admin
--

INSERT INTO "auth"."refresh_tokens" ("instance_id", "id", "token", "user_id", "revoked", "created_at", "updated_at", "parent", "session_id") VALUES
	('00000000-0000-0000-0000-000000000000', 917, 'c462kd5jzugr', '8698372c-ab70-44e3-8658-9ace4293aa83', false, '2026-03-31 11:39:03.069392+00', '2026-03-31 11:39:03.069392+00', NULL, '9f3068d2-f5d3-4a23-800c-b928eb4bc4a5'),
	('00000000-0000-0000-0000-000000000000', 919, 'uxuhabe2lywi', '8698372c-ab70-44e3-8658-9ace4293aa83', true, '2026-03-31 12:38:02.488004+00', '2026-03-31 13:45:14.691026+00', 'wtysclmn4mbx', 'acefa9ca-9701-4412-a082-7ec205a76af6'),
	('00000000-0000-0000-0000-000000000000', 661, 'kdu2spqvgxct', '6ab06c5a-f4a0-477c-8e98-b10d6d5865ed', false, '2026-03-03 04:20:23.117195+00', '2026-03-03 04:20:23.117195+00', NULL, 'bb11c045-3658-48cc-a0f2-00c20bcd9158'),
	('00000000-0000-0000-0000-000000000000', 916, 'zca2sgmmy6xp', '8698372c-ab70-44e3-8658-9ace4293aa83', false, '2026-03-31 11:38:33.411898+00', '2026-03-31 11:38:33.411898+00', NULL, '141d9ace-6b25-4d94-b28c-cd3bbfe727ad'),
	('00000000-0000-0000-0000-000000000000', 918, 'wtysclmn4mbx', '8698372c-ab70-44e3-8658-9ace4293aa83', true, '2026-03-31 11:39:04.812535+00', '2026-03-31 12:38:02.487001+00', NULL, 'acefa9ca-9701-4412-a082-7ec205a76af6'),
	('00000000-0000-0000-0000-000000000000', 920, 'nead65ejkjsk', '8698372c-ab70-44e3-8658-9ace4293aa83', false, '2026-03-31 13:45:14.692632+00', '2026-03-31 13:45:14.692632+00', 'uxuhabe2lywi', 'acefa9ca-9701-4412-a082-7ec205a76af6');


--
-- Data for Name: sso_providers; Type: TABLE DATA; Schema: auth; Owner: supabase_auth_admin
--



--
-- Data for Name: saml_providers; Type: TABLE DATA; Schema: auth; Owner: supabase_auth_admin
--



--
-- Data for Name: saml_relay_states; Type: TABLE DATA; Schema: auth; Owner: supabase_auth_admin
--



--
-- Data for Name: sso_domains; Type: TABLE DATA; Schema: auth; Owner: supabase_auth_admin
--



--
-- Data for Name: webauthn_challenges; Type: TABLE DATA; Schema: auth; Owner: supabase_auth_admin
--



--
-- Data for Name: webauthn_credentials; Type: TABLE DATA; Schema: auth; Owner: supabase_auth_admin
--



--
-- Data for Name: awards; Type: TABLE DATA; Schema: public; Owner: postgres
--

INSERT INTO "public"."awards" ("award_id", "title", "description") VALUES
	(2, 'IPA Award (book)', NULL),
	(1, 'IPA Award (journal)', NULL);


--
-- Data for Name: departments; Type: TABLE DATA; Schema: public; Owner: postgres
--



--
-- Data for Name: publication_type; Type: TABLE DATA; Schema: public; Owner: postgres
--

INSERT INTO "public"."publication_type" ("id", "name") VALUES
	(1, 'JOURNAL'),
	(2, 'BOOK CHAPTER');


--
-- Data for Name: publications; Type: TABLE DATA; Schema: public; Owner: postgres
--

INSERT INTO "public"."publications" ("publication_id", "type", "title", "publisher", "publication_status", "date_published", "issue_number", "page_numbers", "volume_number", "journal_name", "doi", "publication_type_id") VALUES
	(23, 'Book Chapter', 'test1', 'test1', 'test1', '2026-03-18', 'test1', 'test1', 'test1', 'test1', NULL, 2),
	(24, 'Book Chapter', 'heheh', 'ivan', '', '2026-03-12', '12', '30', '1', 'kaskad', 'fasfas', 2),
	(20, 'Journal', 'Classical Soundness in Robustness Diagram with Loop and Time Controls', 'Department of Science and Technology', '', '2023-12-04', '6B', '2327-2342', '152', 'Philippine Journal of Science', '', 1),
	(2, 'Book Chapter', 'Scalable Database Sharding', 'IEEE Xplore', '', '2025-01-10', 'Proc. 102', '15-22', 'N/A', 'Test', 'fkasjfaskj', 1),
	(3, 'Book Chapter', 'Ethics in Cloud Computing', 'Tech-Science Pub', 'Under Review', '2026-02-01', 'Ch. 8', '200-245', 'Ed. 1', 'Test3', NULL, 2),
	(18, 'Journal', 'Matrix Representation of Virus Machines and an application to the discrete logarithm problem', ' World Scientific', '', '2025-06-14', '', '', '', ' International Journal of Neural Systems', NULL, 1);


--
-- Data for Name: users; Type: TABLE DATA; Schema: public; Owner: postgres
--

INSERT INTO "public"."users" ("id", "role", "created_at", "email", "first_name", "middle_name", "last_name", "signature_path", "university", "college", "department", "contact_number", "position", "email_address") VALUES
	('b704b4c6-fb99-411c-9f8e-eac0dcb90381', 'teaching', '2026-03-03 04:17:54.288', 'testfaculty1@gmail.com', 'Richelle Ann', 'B', 'Juayong', 'b704b4c6-fb99-411c-9f8e-eac0dcb90381/b704b4c6-fb99-411c-9f8e-eac0dcb90381.png', 'UP Diliman', 'College of Engineering', 'Department of Computer Science', '09191234567', 'Associate Professor', 'testfaculty1@gmail.com'),
	('67bb171f-27c4-444e-ba54-a6fe564b438f', 'admin', '2026-03-03 04:24:30.410462', 'testadmin@gmail.com', 'John Justine', 'S', 'Villar', '67bb171f-27c4-444e-ba54-a6fe564b438f/67bb171f-27c4-444e-ba54-a6fe564b438f.png', 'UP Diliman', 'College of Engineering', 'Department of Computer Science', '09177654321', 'Professor', 'testadmin@gmail.com'),
	('8698372c-ab70-44e3-8658-9ace4293aa83', 'nonteaching', '2026-02-02 13:10:31.984907', 'test3@gmail.com', 'Francis George', 'Carreon', 'Cabarles', '8698372c-ab70-44e3-8658-9ace4293aa83/8698372c-ab70-44e3-8658-9ace4293aa83.png', 'UP Diliman', 'College of Engineering', 'Dept. of Computer Science', '(02) 8981 8500 local 3231', 'Associate Professor 6', 'test3@gmail.com'),
	('f43c1041-48db-4c6e-b1e1-0edceb458328', 'teaching', '2026-01-29 02:53:39.340854', 'test1@gmail.com', 'Carl', 'Johnson', 'Faculty', 'f43c1041-48db-4c6e-b1e1-0edceb458328/f43c1041-48db-4c6e-b1e1-0edceb458328.png', 'DLSU', 'COE', 'DCS', '09676767676', 'Associate Instructor', 'test1@gmail.com'),
	('6ab06c5a-f4a0-477c-8e98-b10d6d5865ed', 'teaching', '2026-03-03 04:20:23.094826', 'testfaculty2@gmail.com', NULL, NULL, NULL, NULL, NULL, NULL, NULL, NULL, NULL, 'testfaculty2@gmail.com'),
	('5b031afe-bd0a-444f-9d65-773989cecfda', 'admin', '2026-02-02 13:06:51.428235', 'test2@gmail.com', 'John', 'Justine', 'Villar', '5b031afe-bd0a-444f-9d65-773989cecfda/5b031afe-bd0a-444f-9d65-773989cecfda.png', NULL, NULL, NULL, NULL, NULL, 'test2@gmail.com');


--
-- Data for Name: publication_authors; Type: TABLE DATA; Schema: public; Owner: postgres
--

INSERT INTO "public"."publication_authors" ("publication_id", "user_id", "author_rank") VALUES
	(2, '8698372c-ab70-44e3-8658-9ace4293aa83', 1),
	(20, 'b704b4c6-fb99-411c-9f8e-eac0dcb90381', NULL),
	(18, '8698372c-ab70-44e3-8658-9ace4293aa83', 1),
	(23, '8698372c-ab70-44e3-8658-9ace4293aa83', 1),
	(24, '8698372c-ab70-44e3-8658-9ace4293aa83', NULL);


--
-- Data for Name: submissions; Type: TABLE DATA; Schema: public; Owner: postgres
--

INSERT INTO "public"."submissions" ("submission_id", "submitter_id", "award_id", "publication_id", "reviewed_by_admin_id", "date_submitted", "status", "remarks", "pdf_json_data", "logs", "form41_path", "form42_path", "form43_path", "form44_path") VALUES
	(48, '8698372c-ab70-44e3-8658-9ace4293aa83', 1, 18, '5b031afe-bd0a-444f-9d65-773989cecfda', '2026-03-31 11:34:53.973373+00', 'VALIDATED', NULL, '{}', '[{"date": "3/31/2026, 7:34:53 PM", "action": "SUBMITTED", "remarks": "", "actor_name": "8698372c-ab70-44e3-8658-9ace4293aa83"}, {"date": "Tue Mar 31 2026 19:38:24 GMT+0800 (Philippine Standard Time)", "action": "VALIDATED", "remarks": "", "actor_name": "John Villar"}]', '48-form41.pdf', '48-form42.docx', '48-form43.docx', NULL);


--
-- Data for Name: publication_award_applications; Type: TABLE DATA; Schema: public; Owner: postgres
--

INSERT INTO "public"."publication_award_applications" ("id", "publication_id", "award_id", "submission_id", "application_date") VALUES
	(36, 18, 1, 48, '2026-03-31');


--
-- Data for Name: publication_per_award; Type: TABLE DATA; Schema: public; Owner: postgres
--

INSERT INTO "public"."publication_per_award" ("id", "award_id", "publication_type_id") VALUES
	(1, 1, 1),
	(1, 2, 2);


--
-- Data for Name: buckets; Type: TABLE DATA; Schema: storage; Owner: supabase_storage_admin
--

INSERT INTO "storage"."buckets" ("id", "name", "owner", "created_at", "updated_at", "public", "avif_autodetection", "file_size_limit", "allowed_mime_types", "owner_id", "type") VALUES
	('signatures', 'signatures', NULL, '2026-02-12 15:51:04.303845+00', '2026-02-12 15:51:04.303845+00', false, false, NULL, NULL, NULL, 'STANDARD'),
	('pdfs', 'pdfs', NULL, '2026-02-23 18:13:59.380966+00', '2026-02-23 18:13:59.380966+00', false, false, NULL, NULL, NULL, 'STANDARD'),
	('submissions-pdf', 'submissions-pdf', NULL, '2026-03-23 16:00:02.542894+00', '2026-03-23 16:00:02.542894+00', true, false, 52428800, '{application/pdf}', NULL, 'STANDARD'),
	('submissions-docx', 'submissions-docx', NULL, '2026-03-23 16:00:02.542894+00', '2026-03-23 16:00:02.542894+00', true, false, 52428800, '{application/vnd.openxmlformats-officedocument.wordprocessingml.document}', NULL, 'STANDARD'),
	('drafts-pdf', 'drafts-pdf', NULL, '2026-03-23 17:38:15.122657+00', '2026-03-23 17:38:15.122657+00', false, false, NULL, NULL, NULL, 'STANDARD'),
	('drafts-docx', 'drafts-docx', NULL, '2026-03-23 17:38:15.122657+00', '2026-03-23 17:38:15.122657+00', false, false, NULL, NULL, NULL, 'STANDARD');


--
-- Data for Name: buckets_analytics; Type: TABLE DATA; Schema: storage; Owner: supabase_storage_admin
--



--
-- Data for Name: buckets_vectors; Type: TABLE DATA; Schema: storage; Owner: supabase_storage_admin
--



--
-- Data for Name: iceberg_namespaces; Type: TABLE DATA; Schema: storage; Owner: supabase_storage_admin
--



--
-- Data for Name: iceberg_tables; Type: TABLE DATA; Schema: storage; Owner: supabase_storage_admin
--



--
-- Data for Name: objects; Type: TABLE DATA; Schema: storage; Owner: supabase_storage_admin
--

INSERT INTO "storage"."objects" ("id", "bucket_id", "name", "owner", "created_at", "updated_at", "last_accessed_at", "metadata", "version", "owner_id", "user_metadata") VALUES
	('95306d52-38f7-4b06-816f-748e0c45395a', 'signatures', '762e5b8a-0bcf-4f2f-8e54-c98422a12875/762e5b8a-0bcf-4f2f-8e54-c98422a12875.png', '762e5b8a-0bcf-4f2f-8e54-c98422a12875', '2026-02-12 16:06:14.749025+00', '2026-02-12 16:06:14.749025+00', '2026-02-12 16:06:14.749025+00', '{"eTag": "\"008afa8667aa98f43bea74a4bfbe937a\"", "size": 47256, "mimetype": "image/png", "cacheControl": "max-age=3600", "lastModified": "2026-02-12T16:06:15.000Z", "contentLength": 47256, "httpStatusCode": 200}', 'd17b6700-7484-4745-8161-41afb1a81d84', '762e5b8a-0bcf-4f2f-8e54-c98422a12875', '{}'),
	('d1485c60-567c-4e53-a8ad-133b1b2d1d45', 'signatures', 'e5a12ec5-a75c-4e28-9f9d-8d4d08957828/e5a12ec5-a75c-4e28-9f9d-8d4d08957828.png', 'e5a12ec5-a75c-4e28-9f9d-8d4d08957828', '2026-02-12 16:18:57.070129+00', '2026-02-12 16:18:57.070129+00', '2026-02-12 16:18:57.070129+00', '{"eTag": "\"107041fe98a911770b43a893ec720200\"", "size": 60033, "mimetype": "image/png", "cacheControl": "max-age=3600", "lastModified": "2026-02-12T16:18:58.000Z", "contentLength": 60033, "httpStatusCode": 200}', '8ce761d6-67fa-4b73-93d2-abf2b5eb8b7f', 'e5a12ec5-a75c-4e28-9f9d-8d4d08957828', '{}'),
	('7542b641-c327-4cbc-8f47-9d75e2e6ec7b', 'signatures', '939829da-3d92-4e23-8601-68c482db8b90/939829da-3d92-4e23-8601-68c482db8b90.png', '939829da-3d92-4e23-8601-68c482db8b90', '2026-02-12 16:50:57.548144+00', '2026-02-12 16:50:57.548144+00', '2026-02-12 16:50:57.548144+00', '{"eTag": "\"1a6b152831e38f419f56fdebbb2ffa2f\"", "size": 240478, "mimetype": "image/png", "cacheControl": "max-age=3600", "lastModified": "2026-02-12T16:50:58.000Z", "contentLength": 240478, "httpStatusCode": 200}', '55746532-e67d-4a9b-a2ed-c9def14443f7', '939829da-3d92-4e23-8601-68c482db8b90', '{}'),
	('79f28c6f-2b3f-48f6-8934-a5c695a45563', 'signatures', 'f43c1041-48db-4c6e-b1e1-0edceb458328/f43c1041-48db-4c6e-b1e1-0edceb458328.png', 'f43c1041-48db-4c6e-b1e1-0edceb458328', '2026-02-25 11:23:48.444575+00', '2026-02-25 11:23:48.444575+00', '2026-02-25 11:23:48.444575+00', '{"eTag": "\"008afa8667aa98f43bea74a4bfbe937a\"", "size": 47256, "mimetype": "image/png", "cacheControl": "max-age=3600", "lastModified": "2026-02-25T11:23:49.000Z", "contentLength": 47256, "httpStatusCode": 200}', 'b27054bf-d2bd-44c2-8ad8-45e4e09f23c3', 'f43c1041-48db-4c6e-b1e1-0edceb458328', '{}'),
	('4cb70155-4be5-486c-87da-eb91e2f4ad56', 'submissions-pdf', '44_form41.pdf', NULL, '2026-03-31 04:44:33.729765+00', '2026-03-31 04:44:33.729765+00', '2026-03-31 04:44:33.729765+00', '{"eTag": "\"d9da07aeda1dd8f98600baa93738f4f2\"", "size": 2888850, "mimetype": "application/pdf", "cacheControl": "max-age=3600", "lastModified": "2026-03-31T04:44:33.710Z", "contentLength": 2888850, "httpStatusCode": 200}', '9118a25f-3dd1-40e5-b813-66104e186938', NULL, '{}'),
	('426984d1-cd83-4a0d-b9c6-9d8139e848a3', 'signatures', '8698372c-ab70-44e3-8658-9ace4293aa83/8698372c-ab70-44e3-8658-9ace4293aa83.png', '8698372c-ab70-44e3-8658-9ace4293aa83', '2026-02-25 11:39:57.876207+00', '2026-03-03 14:54:07.180207+00', '2026-02-25 11:39:57.876207+00', '{"eTag": "\"20d75c8ca805d45d42595a7ed9cd3856\"", "size": 13625, "mimetype": "image/png", "cacheControl": "max-age=3600", "lastModified": "2026-03-03T14:54:08.000Z", "contentLength": 13625, "httpStatusCode": 200}', 'a97d378d-1f59-4329-bdb0-6156409b2604', '8698372c-ab70-44e3-8658-9ace4293aa83', '{}'),
	('ed9c41ab-66e7-4ba4-ab0c-cfcde2774608', 'signatures', '5b031afe-bd0a-444f-9d65-773989cecfda/5b031afe-bd0a-444f-9d65-773989cecfda.png', '5b031afe-bd0a-444f-9d65-773989cecfda', '2026-03-02 10:57:44.439638+00', '2026-03-29 15:31:17.539098+00', '2026-03-02 10:57:44.439638+00', '{"eTag": "\"40e835e9dda7790b52bbca383e7a44a3\"", "size": 6649, "mimetype": "image/png", "cacheControl": "max-age=3600", "lastModified": "2026-03-29T15:31:17.536Z", "contentLength": 6649, "httpStatusCode": 200}', 'edbab7b6-0423-4a2c-a8be-d09281fed6ce', '5b031afe-bd0a-444f-9d65-773989cecfda', '{}'),
	('ff958575-915c-4856-9a41-8c9ff015478f', 'submissions-docx', '48_form42.docx', NULL, '2026-03-31 11:34:54.25605+00', '2026-03-31 11:34:54.25605+00', '2026-03-31 11:34:54.25605+00', '{"eTag": "\"840aa856383290a9d6d8fc62b14154a1\"", "size": 55272, "mimetype": "application/vnd.openxmlformats-officedocument.wordprocessingml.document", "cacheControl": "max-age=3600", "lastModified": "2026-03-31T11:34:54.242Z", "contentLength": 55272, "httpStatusCode": 200}', '44b0d0ca-2ea6-404d-a4ff-def442a9478a', NULL, '{}'),
	('cb4568ec-e61f-4aef-bab1-82614e7401f8', 'submissions-docx', '48_form43.docx', NULL, '2026-03-31 11:34:54.367073+00', '2026-03-31 11:34:54.367073+00', '2026-03-31 11:34:54.367073+00', '{"eTag": "\"a062d984921e120346b6c17a793fa737\"", "size": 58483, "mimetype": "application/vnd.openxmlformats-officedocument.wordprocessingml.document", "cacheControl": "max-age=3600", "lastModified": "2026-03-31T11:34:54.363Z", "contentLength": 58483, "httpStatusCode": 200}', 'a9f9b1a4-2b9c-4a5d-8adf-a74c0ffbbd1c', NULL, '{}'),
	('166ef0f5-2fab-4a45-9724-3b3bcac5914b', 'submissions-pdf', '48_form41.pdf', NULL, '2026-03-31 11:34:54.180111+00', '2026-03-31 11:34:54.180111+00', '2026-03-31 11:34:54.180111+00', '{"eTag": "\"7f1f767bb07a985aca2de2bb8a54972d\"", "size": 2889099, "mimetype": "application/pdf", "cacheControl": "max-age=3600", "lastModified": "2026-03-31T11:34:54.159Z", "contentLength": 2889099, "httpStatusCode": 200}', '534e2a95-1254-4e0a-b958-027ab7c915f4', NULL, '{}'),
	('b0cd9e93-50de-4beb-9f3a-f0493753d9b8', 'submissions-docx', '45_form42.docx', NULL, '2026-03-31 04:46:48.875522+00', '2026-03-31 04:46:48.875522+00', '2026-03-31 04:46:48.875522+00', '{"eTag": "\"ec72ec2567edaa025e093a246140d1cb\"", "size": 55236, "mimetype": "application/vnd.openxmlformats-officedocument.wordprocessingml.document", "cacheControl": "max-age=3600", "lastModified": "2026-03-31T04:46:48.874Z", "contentLength": 55236, "httpStatusCode": 200}', '09b8a436-5882-4638-84c7-582bc7ba6039', NULL, '{}'),
	('5ac3c88d-dc50-425b-b3f3-9a885310563f', 'submissions-docx', '45_form43.docx', NULL, '2026-03-31 04:46:48.897764+00', '2026-03-31 04:46:48.897764+00', '2026-03-31 04:46:48.897764+00', '{"eTag": "\"508138d338ab9cf89acf50fef790dce3\"", "size": 58360, "mimetype": "application/vnd.openxmlformats-officedocument.wordprocessingml.document", "cacheControl": "max-age=3600", "lastModified": "2026-03-31T04:46:48.896Z", "contentLength": 58360, "httpStatusCode": 200}', '332cb6a2-4ce8-462d-beb9-d7117bc92b9d', NULL, '{}'),
	('4ae13d21-4cd2-4a86-b194-1485390697a5', 'signatures', 'b704b4c6-fb99-411c-9f8e-eac0dcb90381/b704b4c6-fb99-411c-9f8e-eac0dcb90381.png', 'b704b4c6-fb99-411c-9f8e-eac0dcb90381', '2026-03-03 14:15:55.2088+00', '2026-03-03 14:50:05.375793+00', '2026-03-03 14:15:55.2088+00', '{"eTag": "\"1157ba54855b9b6765fc5be2fcc5dd49\"", "size": 70974, "mimetype": "image/png", "cacheControl": "max-age=3600", "lastModified": "2026-03-03T14:50:06.000Z", "contentLength": 70974, "httpStatusCode": 200}', 'fc616a23-6b2e-41cc-8c94-09e3d356a5fa', 'b704b4c6-fb99-411c-9f8e-eac0dcb90381', '{}'),
	('f62952c0-4f19-49f7-ae9f-fbb4c8886631', 'submissions-pdf', '48-form41.pdf', NULL, '2026-03-31 11:38:24.509794+00', '2026-03-31 11:38:24.509794+00', '2026-03-31 11:38:24.509794+00', '{"eTag": "\"601dd08daa2ad64f2614c7c922255f39\"", "size": 2901938, "mimetype": "application/pdf", "cacheControl": "max-age=3600", "lastModified": "2026-03-31T11:38:24.490Z", "contentLength": 2901938, "httpStatusCode": 200}', '986d8c75-5a68-46f1-8632-5b8d7d1af303', NULL, '{}'),
	('2d8c13f2-eca0-40bc-a3fc-07504f450f1c', 'drafts-docx', '8698372c-ab70-44e3-8658-9ace4293aa83/1/18/form43.docx', NULL, '2026-03-31 04:46:43.158433+00', '2026-03-31 11:34:40.241662+00', '2026-03-31 04:46:43.158433+00', '{"eTag": "\"a062d984921e120346b6c17a793fa737\"", "size": 58483, "mimetype": "application/vnd.openxmlformats-officedocument.wordprocessingml.document", "cacheControl": "max-age=3600", "lastModified": "2026-03-31T11:34:40.235Z", "contentLength": 58483, "httpStatusCode": 200}', '9da8ee18-4f6d-4983-a513-549b7fdc1b03', NULL, '{}'),
	('4aaf3a8e-f482-4677-a0eb-264a2b76f7a1', 'drafts-pdf', '8698372c-ab70-44e3-8658-9ace4293aa83/1/18/form41.pdf', NULL, '2026-03-31 04:46:15.873127+00', '2026-03-31 05:10:16.782378+00', '2026-03-31 04:46:15.873127+00', '{"eTag": "\"7f1f767bb07a985aca2de2bb8a54972d\"", "size": 2889099, "mimetype": "application/pdf", "cacheControl": "max-age=3600", "lastModified": "2026-03-31T05:10:16.763Z", "contentLength": 2889099, "httpStatusCode": 200}', 'da7d55d9-8105-45b0-854d-89fd308a7812', NULL, '{}'),
	('19e6180c-73a5-4b6b-b48b-13c9504b84b2', 'drafts-docx', '8698372c-ab70-44e3-8658-9ace4293aa83/1/18/form42.docx', NULL, '2026-03-31 04:46:33.020557+00', '2026-03-31 05:10:33.689433+00', '2026-03-31 04:46:33.020557+00', '{"eTag": "\"840aa856383290a9d6d8fc62b14154a1\"", "size": 55272, "mimetype": "application/vnd.openxmlformats-officedocument.wordprocessingml.document", "cacheControl": "max-age=3600", "lastModified": "2026-03-31T05:10:33.687Z", "contentLength": 55272, "httpStatusCode": 200}', '52edc2ae-d500-41b4-b953-c054b6558356', NULL, '{}'),
	('434a5e55-31ad-4e3f-9c3a-517498c18bcd', 'submissions-docx', '48-form42.docx', NULL, '2026-03-31 11:38:24.559023+00', '2026-03-31 11:38:24.559023+00', '2026-03-31 11:38:24.559023+00', '{"eTag": "\"62d810c3d68140c881ec6a477a791ff7\"", "size": 55566, "mimetype": "application/vnd.openxmlformats-officedocument.wordprocessingml.document", "cacheControl": "max-age=3600", "lastModified": "2026-03-31T11:38:24.557Z", "contentLength": 55566, "httpStatusCode": 200}', 'ecb79f94-dedf-4ea3-9fca-525d7ad8c6d0', NULL, '{}'),
	('c0ba312d-5ec1-45b5-964e-e326884f2972', 'submissions-docx', '48-form43.docx', NULL, '2026-03-31 11:38:24.584709+00', '2026-03-31 11:38:24.584709+00', '2026-03-31 11:38:24.584709+00', '{"eTag": "\"0b93b0bd8410e071093d55e474791b56\"", "size": 58479, "mimetype": "application/vnd.openxmlformats-officedocument.wordprocessingml.document", "cacheControl": "max-age=3600", "lastModified": "2026-03-31T11:38:24.582Z", "contentLength": 58479, "httpStatusCode": 200}', '8eec75dc-8fce-4af1-8dca-f3e9d7140f8a', NULL, '{}'),
	('4336d2ef-a3c7-492d-b646-140a565cd982', 'signatures', '67bb171f-27c4-444e-ba54-a6fe564b438f/67bb171f-27c4-444e-ba54-a6fe564b438f.png', '67bb171f-27c4-444e-ba54-a6fe564b438f', '2026-03-03 15:12:40.145399+00', '2026-03-03 15:12:40.145399+00', '2026-03-03 15:12:40.145399+00', '{"eTag": "\"a83d8f4502fe108212a681dcdbfeabe2\"", "size": 19943, "mimetype": "image/png", "cacheControl": "max-age=3600", "lastModified": "2026-03-03T15:12:41.000Z", "contentLength": 19943, "httpStatusCode": 200}', '1ca09ff1-9224-46ab-b737-eb60c62f8bd6', '67bb171f-27c4-444e-ba54-a6fe564b438f', '{}'),
	('9add917b-864a-4a45-a113-468e9b95e14a', 'drafts-pdf', '8698372c-ab70-44e3-8658-9ace4293aa83/2/24/form44.pdf', NULL, '2026-03-31 06:30:31.192225+00', '2026-03-31 06:30:31.192225+00', '2026-03-31 06:30:31.192225+00', '{"eTag": "\"a54f5661cfce51ae2b04686fdd62d8f6\"", "size": 532532, "mimetype": "application/pdf", "cacheControl": "max-age=3600", "lastModified": "2026-03-31T06:30:31.187Z", "contentLength": 532532, "httpStatusCode": 200}', 'e8bfd5ee-f763-4aad-891c-c8baa471bba5', NULL, '{}'),
	('e4e8ea5e-eceb-43d9-b50e-78af20f5571c', 'drafts-docx', '8698372c-ab70-44e3-8658-9ace4293aa83/2/24/form43.docx', NULL, '2026-03-31 06:31:06.21396+00', '2026-03-31 06:31:06.21396+00', '2026-03-31 06:31:06.21396+00', '{"eTag": "\"0b33d56512690afd4a470fa28422b933\"", "size": 58361, "mimetype": "application/vnd.openxmlformats-officedocument.wordprocessingml.document", "cacheControl": "max-age=3600", "lastModified": "2026-03-31T06:31:06.211Z", "contentLength": 58361, "httpStatusCode": 200}', '9ae1321e-038b-4daa-ba22-dbf011cec98f', NULL, '{}'),
	('1beeee65-5330-4d5f-b18b-b7d1a2a6b403', 'submissions-pdf', '47_form44.pdf', NULL, '2026-03-31 06:31:27.001806+00', '2026-03-31 06:31:27.001806+00', '2026-03-31 06:31:27.001806+00', '{"eTag": "\"a54f5661cfce51ae2b04686fdd62d8f6\"", "size": 532532, "mimetype": "application/pdf", "cacheControl": "max-age=3600", "lastModified": "2026-03-31T06:31:26.997Z", "contentLength": 532532, "httpStatusCode": 200}', '2da1f793-8322-44b9-837d-e951c12987c4', NULL, '{}'),
	('c9ef8af7-65ea-4f93-b9d7-e4cd6c45bba6', 'submissions-docx', '47_form43.docx', NULL, '2026-03-31 06:31:27.030706+00', '2026-03-31 06:31:27.030706+00', '2026-03-31 06:31:27.030706+00', '{"eTag": "\"0b33d56512690afd4a470fa28422b933\"", "size": 58361, "mimetype": "application/vnd.openxmlformats-officedocument.wordprocessingml.document", "cacheControl": "max-age=3600", "lastModified": "2026-03-31T06:31:27.028Z", "contentLength": 58361, "httpStatusCode": 200}', '52a1f29b-d63d-46d5-a42d-2722e93dbdf5', NULL, '{}'),
	('16b9fccf-d1cf-4e79-b364-6c39997356e0', 'submissions-pdf', '46_form41.pdf', NULL, '2026-03-31 05:14:28.274479+00', '2026-03-31 05:14:28.274479+00', '2026-03-31 05:14:28.274479+00', '{"eTag": "\"7f1f767bb07a985aca2de2bb8a54972d\"", "size": 2889099, "mimetype": "application/pdf", "cacheControl": "max-age=3600", "lastModified": "2026-03-31T05:14:28.238Z", "contentLength": 2889099, "httpStatusCode": 200}', '67bcee5c-c0cc-4528-9b20-4bff8cc0a08f', NULL, '{}'),
	('c2f2d1e7-7253-49ea-9981-42ef29d4ba5b', 'submissions-docx', '46_form42.docx', NULL, '2026-03-31 05:14:28.340797+00', '2026-03-31 05:14:28.340797+00', '2026-03-31 05:14:28.340797+00', '{"eTag": "\"840aa856383290a9d6d8fc62b14154a1\"", "size": 55272, "mimetype": "application/vnd.openxmlformats-officedocument.wordprocessingml.document", "cacheControl": "max-age=3600", "lastModified": "2026-03-31T05:14:28.335Z", "contentLength": 55272, "httpStatusCode": 200}', 'daf16402-8fda-4147-ad98-8ec051be882e', NULL, '{}'),
	('9df79c22-e46b-415b-8fff-6a82724fbc39', 'submissions-docx', '46_form43.docx', NULL, '2026-03-31 05:14:28.407695+00', '2026-03-31 05:14:28.407695+00', '2026-03-31 05:14:28.407695+00', '{"eTag": "\"f94b1da56f61eabe9c18abfe0a9f0199\"", "size": 58360, "mimetype": "application/vnd.openxmlformats-officedocument.wordprocessingml.document", "cacheControl": "max-age=3600", "lastModified": "2026-03-31T05:14:28.403Z", "contentLength": 58360, "httpStatusCode": 200}', '6ebf2a00-ce6a-46f2-945d-0d0c80e565b0', NULL, '{}'),
	('398d9cfc-6a84-4595-9529-0f5b5793194a', 'submissions-pdf', '.emptyFolderPlaceholder', NULL, '2026-03-31 04:41:48.095437+00', '2026-03-31 04:41:48.095437+00', '2026-03-31 04:41:48.095437+00', '{"eTag": "\"d41d8cd98f00b204e9800998ecf8427e\"", "size": 0, "mimetype": "application/octet-stream", "cacheControl": "max-age=3600", "lastModified": "2026-03-31T04:41:48.093Z", "contentLength": 0, "httpStatusCode": 200}', '9a7520d0-8d82-480c-8e78-f39d293847ed', NULL, '{}'),
	('62ee12f8-9d1d-42e1-9532-d53667db8dc9', 'submissions-docx', '.emptyFolderPlaceholder', NULL, '2026-03-31 04:42:05.569109+00', '2026-03-31 04:42:05.569109+00', '2026-03-31 04:42:05.569109+00', '{"eTag": "\"d41d8cd98f00b204e9800998ecf8427e\"", "size": 0, "mimetype": "application/octet-stream", "cacheControl": "max-age=3600", "lastModified": "2026-03-31T04:42:05.566Z", "contentLength": 0, "httpStatusCode": 200}', '86c4ebc5-1364-43fd-a76b-d5deaf4b9c74', NULL, '{}');


--
-- Data for Name: s3_multipart_uploads; Type: TABLE DATA; Schema: storage; Owner: supabase_storage_admin
--



--
-- Data for Name: s3_multipart_uploads_parts; Type: TABLE DATA; Schema: storage; Owner: supabase_storage_admin
--



--
-- Data for Name: vector_indexes; Type: TABLE DATA; Schema: storage; Owner: supabase_storage_admin
--



--
-- Data for Name: hooks; Type: TABLE DATA; Schema: supabase_functions; Owner: supabase_functions_admin
--



--
-- Name: refresh_tokens_id_seq; Type: SEQUENCE SET; Schema: auth; Owner: supabase_auth_admin
--

SELECT pg_catalog.setval('"auth"."refresh_tokens_id_seq"', 920, true);


--
-- Name: awards_award_id_seq; Type: SEQUENCE SET; Schema: public; Owner: postgres
--

SELECT pg_catalog.setval('"public"."awards_award_id_seq"', 1, true);


--
-- Name: departments_department_id_seq; Type: SEQUENCE SET; Schema: public; Owner: postgres
--

SELECT pg_catalog.setval('"public"."departments_department_id_seq"', 1, false);


--
-- Name: publication_award_applications_id_seq; Type: SEQUENCE SET; Schema: public; Owner: postgres
--

SELECT pg_catalog.setval('"public"."publication_award_applications_id_seq"', 36, true);


--
-- Name: publication_per_award_id_seq; Type: SEQUENCE SET; Schema: public; Owner: postgres
--

SELECT pg_catalog.setval('"public"."publication_per_award_id_seq"', 1, true);


--
-- Name: publications_publication_id_seq; Type: SEQUENCE SET; Schema: public; Owner: postgres
--

SELECT pg_catalog.setval('"public"."publications_publication_id_seq"', 24, true);


--
-- Name: submissions_submission_id_seq; Type: SEQUENCE SET; Schema: public; Owner: postgres
--

SELECT pg_catalog.setval('"public"."submissions_submission_id_seq"', 48, true);


--
-- Name: types_id_seq; Type: SEQUENCE SET; Schema: public; Owner: postgres
--

SELECT pg_catalog.setval('"public"."types_id_seq"', 2, true);


--
-- Name: hooks_id_seq; Type: SEQUENCE SET; Schema: supabase_functions; Owner: supabase_functions_admin
--

SELECT pg_catalog.setval('"supabase_functions"."hooks_id_seq"', 1, false);


--
-- PostgreSQL database dump complete
--

-- \unrestrict IYusxlE1Ezt5eIL5h9HbCnj0ckszNAau1Pyra8qgbNRYY4CJOmjmaJIKUlZTsPP

RESET ALL;
